-- ========================
-- Données table CATEGORIE
-- ========================

insert into CATEGORIE (NO_CATEGORIE, CAT_NO_CATEGORIE, NOM_CATEGORIE) values (1, null, 'Caisses carton, caisses américaines');

  insert into CATEGORIE (NO_CATEGORIE, CAT_NO_CATEGORIE, NOM_CATEGORIE) values (0, 1, 'Caisse carton à cannelure ');
    insert into CATEGORIE (NO_CATEGORIE, CAT_NO_CATEGORIE, NOM_CATEGORIE) values (8, 0, 'Caisse carton à simple cannelure');
    insert into CATEGORIE (NO_CATEGORIE, CAT_NO_CATEGORIE, NOM_CATEGORIE) values (4, 0, 'Caisse carton à double cannelure');
    insert into CATEGORIE (NO_CATEGORIE, CAT_NO_CATEGORIE, NOM_CATEGORIE) values (11, 0, ' Caisse carton à triple cannelure');

  insert into CATEGORIE (NO_CATEGORIE, CAT_NO_CATEGORIE, NOM_CATEGORIE) values (9, 1, 'Caisse carton simple');
    insert into CATEGORIE (NO_CATEGORIE, CAT_NO_CATEGORIE, NOM_CATEGORIE) values (13, 9, 'Caisse carton blanche');
    insert into CATEGORIE (NO_CATEGORIE, CAT_NO_CATEGORIE, NOM_CATEGORIE) values (14, 9, 'Caisse carton Galia');
    insert into CATEGORIE (NO_CATEGORIE, CAT_NO_CATEGORIE, NOM_CATEGORIE) values (16, 9, 'Caisse carton VPC picking');

insert into CATEGORIE (NO_CATEGORIE, CAT_NO_CATEGORIE, NOM_CATEGORIE) values (2, null, 'Boîtes postales');

insert into CATEGORIE (NO_CATEGORIE, CAT_NO_CATEGORIE, NOM_CATEGORIE) values (6, null, 'Caisses isothermes');
  insert into CATEGORIE (NO_CATEGORIE, CAT_NO_CATEGORIE, NOM_CATEGORIE) values (15, 6, 'Caisse isotherme pour aliments');
  insert into CATEGORIE (NO_CATEGORIE, CAT_NO_CATEGORIE, NOM_CATEGORIE) values (3, 6, 'Caisse isotherme pour produits dangereux');
  insert into CATEGORIE (NO_CATEGORIE, CAT_NO_CATEGORIE, NOM_CATEGORIE) values (18, 6, 'Caisse isotherme simple');

insert into CATEGORIE (NO_CATEGORIE, CAT_NO_CATEGORIE, NOM_CATEGORIE) values (17, null, 'Enveloppes et pochettes');
insert into CATEGORIE (NO_CATEGORIE, CAT_NO_CATEGORIE, NOM_CATEGORIE) values (5, null, 'Callage et protection');
insert into CATEGORIE (NO_CATEGORIE, CAT_NO_CATEGORIE, NOM_CATEGORIE) values (19, null, 'Adhésifs');
insert into CATEGORIE (NO_CATEGORIE, CAT_NO_CATEGORIE, NOM_CATEGORIE) values (10, null, 'Cerclage et protection');
insert into CATEGORIE (NO_CATEGORIE, CAT_NO_CATEGORIE, NOM_CATEGORIE) values (7, null, 'Palettes');
insert into CATEGORIE (NO_CATEGORIE, CAT_NO_CATEGORIE, NOM_CATEGORIE) values (12, null, 'Emballage boutiques');
insert into CATEGORIE (NO_CATEGORIE, CAT_NO_CATEGORIE, NOM_CATEGORIE) values (20, null, 'Sachets');

commit;


-- ==========================
-- Données table EMPLACEMENT
-- ==========================

insert into EMPLACEMENT (NO_EMPLACEMENT, HANGAR, ALLEE) values (4, 1, 1);
insert into EMPLACEMENT (NO_EMPLACEMENT, HANGAR, ALLEE) values (14, 1, 2);
insert into EMPLACEMENT (NO_EMPLACEMENT, HANGAR, ALLEE) values (1, 1, 3);
insert into EMPLACEMENT (NO_EMPLACEMENT, HANGAR, ALLEE) values (9, 1, 4);
insert into EMPLACEMENT (NO_EMPLACEMENT, HANGAR, ALLEE) values (20, 1, 5);
insert into EMPLACEMENT (NO_EMPLACEMENT, HANGAR, ALLEE) values (2, 1, 6);
insert into EMPLACEMENT (NO_EMPLACEMENT, HANGAR, ALLEE) values (15, 1, 7);
insert into EMPLACEMENT (NO_EMPLACEMENT, HANGAR, ALLEE) values (10, 1, 8);
insert into EMPLACEMENT (NO_EMPLACEMENT, HANGAR, ALLEE) values (18, 1, 9);
insert into EMPLACEMENT (NO_EMPLACEMENT, HANGAR, ALLEE) values (12, 1, 10);
insert into EMPLACEMENT (NO_EMPLACEMENT, HANGAR, ALLEE) values (8, 1, 11);
insert into EMPLACEMENT (NO_EMPLACEMENT, HANGAR, ALLEE) values (17, 1, 12);

insert into EMPLACEMENT (NO_EMPLACEMENT, HANGAR, ALLEE) values (6, 2, 1);
insert into EMPLACEMENT (NO_EMPLACEMENT, HANGAR, ALLEE) values (3, 2, 3);
insert into EMPLACEMENT (NO_EMPLACEMENT, HANGAR, ALLEE) values (7, 2, 6);
insert into EMPLACEMENT (NO_EMPLACEMENT, HANGAR, ALLEE) values (11, 2, 9);
insert into EMPLACEMENT (NO_EMPLACEMENT, HANGAR, ALLEE) values (16, 2, 12);
insert into EMPLACEMENT (NO_EMPLACEMENT, HANGAR, ALLEE) values (13, 2, 18);
insert into EMPLACEMENT (NO_EMPLACEMENT, HANGAR, ALLEE) values (5, 2, 21);
insert into EMPLACEMENT (NO_EMPLACEMENT, HANGAR, ALLEE) values (19, 2, 15);

commit;


-- ======================
-- Données table MATIERE
-- ======================

insert into MATIERE (NO_MATIERE, NOM_MATIERE) values (1, 'Carton');
insert into MATIERE (NO_MATIERE, NOM_MATIERE) values (2, 'Métal');
insert into MATIERE (NO_MATIERE, NOM_MATIERE) values (3, 'Plastique');
insert into MATIERE (NO_MATIERE, NOM_MATIERE) values (4, 'Bois');
insert into MATIERE (NO_MATIERE, NOM_MATIERE) values (5, 'Colle');
insert into MATIERE (NO_MATIERE, NOM_MATIERE) values (6, 'Encre');
insert into MATIERE (NO_MATIERE, NOM_MATIERE) values (7, 'Bulles deprotection');
insert into MATIERE (NO_MATIERE, NOM_MATIERE) values (8, 'Polystyrène');
insert into MATIERE (NO_MATIERE, NOM_MATIERE) values (9, 'Papier craft');
insert into MATIERE (NO_MATIERE, NOM_MATIERE) values (10, 'Cordelette');

commit;



-- ======================
-- Données table PRODUIT
-- ======================

-- CAT 4 - Caisse carton double cannelure
 
insert into PRODUIT (CODE_PRODUIT, NO_CATEGORIE, NO_EMPLACEMENT, UTILISATION, DESCRIPTION, QUANTITE_STOCK, DATE_STOCK, COMMENT_PRODUIT, LONGEUR, LARGEUR, HAUTEUR, PRIX_PIECE_HT) values ('CAD17', 4, 1, null, 'Maximum 30 Kg', 250, '2018-12-02', 'vendu en paquet de 10', 50, 31, 31, 2.07);
insert into PRODUIT (CODE_PRODUIT, NO_CATEGORIE, NO_EMPLACEMENT, UTILISATION, DESCRIPTION, QUANTITE_STOCK, DATE_STOCK, COMMENT_PRODUIT, LONGEUR, LARGEUR, HAUTEUR, PRIX_PIECE_HT) values ('CAD21', 4, 4, null, 'Maximum 30 Kg', 250, '2018-12-02', 'vendu en paquet de 15', 50, 40, 40, 2.61);
insert into PRODUIT (CODE_PRODUIT, NO_CATEGORIE, NO_EMPLACEMENT, UTILISATION, DESCRIPTION, QUANTITE_STOCK, DATE_STOCK, COMMENT_PRODUIT, LONGEUR, LARGEUR, HAUTEUR, PRIX_PIECE_HT) values ('CAD22', 4, 9, null, 'Maximum 30 Kg', 250, '2018-12-02', 'vendu en paquet de 10', 50, 50, 50, 3.68);
insert into PRODUIT (CODE_PRODUIT, NO_CATEGORIE, NO_EMPLACEMENT, UTILISATION, DESCRIPTION, QUANTITE_STOCK, DATE_STOCK, COMMENT_PRODUIT, LONGEUR, LARGEUR, HAUTEUR, PRIX_PIECE_HT) values ('CAD28', 4, 4, null, 'Maximum 30 Kg', 250, '2018-12-02', 'vendu en paquet de 10', 60, 40, 30, 2.68);
insert into PRODUIT (CODE_PRODUIT, NO_CATEGORIE, NO_EMPLACEMENT, UTILISATION, DESCRIPTION, QUANTITE_STOCK, DATE_STOCK, COMMENT_PRODUIT, LONGEUR, LARGEUR, HAUTEUR, PRIX_PIECE_HT) values ('CAD30', 4, 1, null, 'Maximum 40 Kg', 250, '2018-12-02', 'vendu en paquet de 5', 60, 60, 60, 7.07);
insert into PRODUIT (CODE_PRODUIT, NO_CATEGORIE, NO_EMPLACEMENT, UTILISATION, DESCRIPTION, QUANTITE_STOCK, DATE_STOCK, COMMENT_PRODUIT, LONGEUR, LARGEUR, HAUTEUR, PRIX_PIECE_HT) values ('CAD21A', 4, 18, 'pour UC + écran plat 17', 'Maximum 30 Kg', 250, '2018-12-02', 'vendu en paquet de 10', 50, 50, 20, 4.14);
insert into PRODUIT (CODE_PRODUIT, NO_CATEGORIE, NO_EMPLACEMENT, UTILISATION, DESCRIPTION, QUANTITE_STOCK, DATE_STOCK, COMMENT_PRODUIT, LONGEUR, LARGEUR, HAUTEUR, PRIX_PIECE_HT) values ('CAD21B', 4, 18, 'pour imprimante + écran plat 17', 'Maximum 30 Kg', 250, '2018-12-02', 'vendu en paquet de 10', 50, 50, 30, 4.48);

-- CAT 8 - Caisse carton simple cannelure

insert into PRODUIT (CODE_PRODUIT, NO_CATEGORIE, NO_EMPLACEMENT, UTILISATION, DESCRIPTION, QUANTITE_STOCK, DATE_STOCK, COMMENT_PRODUIT, LONGEUR, LARGEUR, HAUTEUR, PRIX_PIECE_HT)values ('CAS16', 8, 12, null, 'Maximum 10 Kg', 500, '2018-12-05', 'vendu en paquet de 25', 30, 20, 17, 0.53);
insert into PRODUIT (CODE_PRODUIT, NO_CATEGORIE, NO_EMPLACEMENT, UTILISATION, DESCRIPTION, QUANTITE_STOCK, DATE_STOCK, COMMENT_PRODUIT, LONGEUR, LARGEUR, HAUTEUR, PRIX_PIECE_HT)values ('CAS15', 8, 14, 'format A4 - tablette tactile', 'Maximum 10 Kg', 450, '2018-12-05', 'vendu en paquet de 25', 31, 21.5, 10, 0.53);
insert into PRODUIT (CODE_PRODUIT, NO_CATEGORIE, NO_EMPLACEMENT, UTILISATION, DESCRIPTION, QUANTITE_STOCK, DATE_STOCK, COMMENT_PRODUIT, LONGEUR, LARGEUR, HAUTEUR, PRIX_PIECE_HT)values ('CAS15A', 8, 15, 'format A4', 'Maximum 10 Kg', 300, '2018-12-05', 'vendu en paquet de 25', 31, 22, 15, 0.56);
insert into PRODUIT (CODE_PRODUIT, NO_CATEGORIE, NO_EMPLACEMENT, UTILISATION, DESCRIPTION, QUANTITE_STOCK, DATE_STOCK, COMMENT_PRODUIT, LONGEUR, LARGEUR, HAUTEUR, PRIX_PIECE_HT)values ('CAS67B', 8, 17, 'textile', 'Maximum 20 Kg', 510, '2018-12-05', 'vendu en paquet de 15', 80, 50, 50, 0.62);
insert into PRODUIT (CODE_PRODUIT, NO_CATEGORIE, NO_EMPLACEMENT, UTILISATION, DESCRIPTION, QUANTITE_STOCK, DATE_STOCK, COMMENT_PRODUIT, LONGEUR, LARGEUR, HAUTEUR, PRIX_PIECE_HT)values ('CAS59', 8, 17, 'textile', 'Maximum 20 Kg', 299, '2018-12-05', 'vendu en paquet de 20', 60, 40, 30, 5.58);
insert into PRODUIT (CODE_PRODUIT, NO_CATEGORIE, NO_EMPLACEMENT, UTILISATION, DESCRIPTION, QUANTITE_STOCK, DATE_STOCK, COMMENT_PRODUIT, LONGEUR, LARGEUR, HAUTEUR, PRIX_PIECE_HT)values ('CAS67', 8, 9, 'textile', 'Maximum 20 Kg', 560, '2018-12-05', 'vendu en paquet de 20', 80, 50, 40, 1.78);
insert into PRODUIT (CODE_PRODUIT, NO_CATEGORIE, NO_EMPLACEMENT, UTILISATION, DESCRIPTION, QUANTITE_STOCK, DATE_STOCK, COMMENT_PRODUIT, LONGEUR, LARGEUR, HAUTEUR, PRIX_PIECE_HT)values ('CAS58', 8, 9, 'chaussures', 'Maximum 20 Kg', 230, '2018-12-05', 'vendu en paquet de 20', 60, 40, 20, 3.53);
insert into PRODUIT (CODE_PRODUIT, NO_CATEGORIE, NO_EMPLACEMENT, UTILISATION, DESCRIPTION, QUANTITE_STOCK, DATE_STOCK, COMMENT_PRODUIT, LONGEUR, LARGEUR, HAUTEUR, PRIX_PIECE_HT)values ('CFA210', 8, 20, null, 'Maximum 20 Kg', 120, '2018-12-05', 'vendu en paquet de 20', 20, 15, 15, 2.19);
insert into PRODUIT (CODE_PRODUIT, NO_CATEGORIE, NO_EMPLACEMENT, UTILISATION, DESCRIPTION, QUANTITE_STOCK, DATE_STOCK, COMMENT_PRODUIT, LONGEUR, LARGEUR, HAUTEUR, PRIX_PIECE_HT)values ('CFA280', 8, 20, null, 'Maximum 20 Kg', 250, '2018-12-05', 'vendu en paquet de 20', 39, 29, 28, 1.53);

-- CAT 11 - Caisse carton triple cannelure

insert into PRODUIT (CODE_PRODUIT, NO_CATEGORIE, NO_EMPLACEMENT, UTILISATION, DESCRIPTION, QUANTITE_STOCK, DATE_STOCK, COMMENT_PRODUIT, LONGEUR, LARGEUR, HAUTEUR, PRIX_PIECE_HT)values ('CAT18', 11, 4, null, 'Maximum 260 Kg', 25, '2018-12-05', 'vendu par 10', 47, 37, 34, 7.53);
insert into PRODUIT (CODE_PRODUIT, NO_CATEGORIE, NO_EMPLACEMENT, UTILISATION, DESCRIPTION, QUANTITE_STOCK, DATE_STOCK, COMMENT_PRODUIT, LONGEUR, LARGEUR, HAUTEUR, PRIX_PIECE_HT)values ('CAT23', 11, 14, null, 'Maximum 330 Kg', 50, '2018-12-05', 'vendu par 5', 77, 57, 45, 15.65);
insert into PRODUIT (CODE_PRODUIT, NO_CATEGORIE, NO_EMPLACEMENT, UTILISATION, DESCRIPTION, QUANTITE_STOCK, DATE_STOCK, COMMENT_PRODUIT, LONGEUR, LARGEUR, HAUTEUR, PRIX_PIECE_HT)values ('CAT04', 11, 1, null, 'Maximum 240 Kg', 75, '2018-12-05', 'vendu par 5', 46, 26, 26, 6.78);
insert into PRODUIT (CODE_PRODUIT, NO_CATEGORIE, NO_EMPLACEMENT, UTILISATION, DESCRIPTION, QUANTITE_STOCK, DATE_STOCK, COMMENT_PRODUIT, LONGEUR, LARGEUR, HAUTEUR, PRIX_PIECE_HT)values ('CAT22', 11, 9, null, 'Maximum 300 Kg', 100, '2018-12-05', 'vendu par 5', 77, 37, 37, 14.60);
insert into PRODUIT (CODE_PRODUIT, NO_CATEGORIE, NO_EMPLACEMENT, UTILISATION, DESCRIPTION, QUANTITE_STOCK, DATE_STOCK, COMMENT_PRODUIT, LONGEUR, LARGEUR, HAUTEUR, PRIX_PIECE_HT)values ('CAT24', 11, 20, null, 'Maximum 320 Kg', 50, '2018-12-05', 'vendu par 5', 77, 57, 57, 21.53);
insert into PRODUIT (CODE_PRODUIT, NO_CATEGORIE, NO_EMPLACEMENT, UTILISATION, DESCRIPTION, QUANTITE_STOCK, DATE_STOCK, COMMENT_PRODUIT, LONGEUR, LARGEUR, HAUTEUR, PRIX_PIECE_HT)values ('CAT60', 11, 15, null, 'Maximum 500 Kg', 23, '2018-12-05', 'vendu par 2', 117, 77, 84, 37.93);
insert into PRODUIT (CODE_PRODUIT, NO_CATEGORIE, NO_EMPLACEMENT, UTILISATION, DESCRIPTION, QUANTITE_STOCK, DATE_STOCK, COMMENT_PRODUIT, LONGEUR, LARGEUR, HAUTEUR, PRIX_PIECE_HT)values ('CAT40', 11, 2, null, 'Maximum 500 Kg', 56, '2018-12-05', 'vendu par 2', 117, 77, 65, 33.95);
insert into PRODUIT (CODE_PRODUIT, NO_CATEGORIE, NO_EMPLACEMENT, UTILISATION, DESCRIPTION, QUANTITE_STOCK, DATE_STOCK, COMMENT_PRODUIT, LONGEUR, LARGEUR, HAUTEUR, PRIX_PIECE_HT)values ('CAT80', 11, 10, null, 'Maximum 500 Kg', 87, '2018-12-05', 'vendu par 2', 117, 97, 90, 49.30);

commit;

-- CAT 13 - Carton simple blanc

insert into PRODUIT (CODE_PRODUIT, NO_CATEGORIE, NO_EMPLACEMENT, UTILISATION, DESCRIPTION, QUANTITE_STOCK, DATE_STOCK, COMMENT_PRODUIT, LONGEUR, LARGEUR, HAUTEUR, PRIX_PIECE_HT)values ('CAS202', 13, 17, 'format A6', 		'Maximum 10 Kg', 87, '2018-12-05', 'vendu par 25', 16, 12, 11, 0.46);
insert into PRODUIT (CODE_PRODUIT, NO_CATEGORIE, NO_EMPLACEMENT, UTILISATION, DESCRIPTION, QUANTITE_STOCK, DATE_STOCK, COMMENT_PRODUIT, LONGEUR, LARGEUR, HAUTEUR, PRIX_PIECE_HT)values ('CAS204', 13, 17, '10 Dvd ou B-ray', 	'Maximum 10 Kg', 87, '2018-12-05', 'vendu par 25', 20, 15, 15, 0.57);
insert into PRODUIT (CODE_PRODUIT, NO_CATEGORIE, NO_EMPLACEMENT, UTILISATION, DESCRIPTION, QUANTITE_STOCK, DATE_STOCK, COMMENT_PRODUIT, LONGEUR, LARGEUR, HAUTEUR, PRIX_PIECE_HT)values ('CAS208', 13, 8, 'format A5+', 		'Maximum 20 Kg', 87, '2018-12-05', 'vendu par 25', 25, 16.5, 30, 0.67);
insert into PRODUIT (CODE_PRODUIT, NO_CATEGORIE, NO_EMPLACEMENT, UTILISATION, DESCRIPTION, QUANTITE_STOCK, DATE_STOCK, COMMENT_PRODUIT, LONGEUR, LARGEUR, HAUTEUR, PRIX_PIECE_HT)values ('CAS219', 13, 1, null, 			'Maximum 10 Kg', 87, '2018-12-05', 'vendu par 25', 30, 30, 30, 1.74);
insert into PRODUIT (CODE_PRODUIT, NO_CATEGORIE, NO_EMPLACEMENT, UTILISATION, DESCRIPTION, QUANTITE_STOCK, DATE_STOCK, COMMENT_PRODUIT, LONGEUR, LARGEUR, HAUTEUR, PRIX_PIECE_HT)values ('CAD21T', 13, 8, null, 			null		, 87, '2018-12-05', 'vendu par 20', 46, 36, 35, 3.57);
insert into PRODUIT (CODE_PRODUIT, NO_CATEGORIE, NO_EMPLACEMENT, UTILISATION, DESCRIPTION, QUANTITE_STOCK, DATE_STOCK, COMMENT_PRODUIT, LONGEUR, LARGEUR, HAUTEUR, PRIX_PIECE_HT)values ('CAD21S', 13, 2, null, 			null		, 87, '2018-12-05', 'vendu par 20', 48, 31, 33, 3.40);
insert into PRODUIT (CODE_PRODUIT, NO_CATEGORIE, NO_EMPLACEMENT, UTILISATION, DESCRIPTION, QUANTITE_STOCK, DATE_STOCK, COMMENT_PRODUIT, LONGEUR, LARGEUR, HAUTEUR, PRIX_PIECE_HT)values ('CAD201', 13, 20, 'pour édition', 	'Maximum 30 Kg', 87, '2018-12-05', 'vendu par 15', 25, 20, 15, 1.12);
insert into PRODUIT (CODE_PRODUIT, NO_CATEGORIE, NO_EMPLACEMENT, UTILISATION, DESCRIPTION, QUANTITE_STOCK, DATE_STOCK, COMMENT_PRODUIT, LONGEUR, LARGEUR, HAUTEUR, PRIX_PIECE_HT)values ('CAD239', 13, 15, 'textile', 		'Maximum 40 Kg', 87, '2018-12-05', 'vendu par 10', 80, 50, 50, 7.38);

-- CAT 14 - Carton Galia

insert into PRODUIT (CODE_PRODUIT, NO_CATEGORIE, NO_EMPLACEMENT, UTILISATION, DESCRIPTION, QUANTITE_STOCK, DATE_STOCK, COMMENT_PRODUIT, LONGEUR, LARGEUR, HAUTEUR, PRIX_PIECE_HT)values ('A15', 14, 12, null, 'Maximum 30 Kg', 	87, '2018-12-05', 'vendu par 20', 30, 19, 18, 0.78);
insert into PRODUIT (CODE_PRODUIT, NO_CATEGORIE, NO_EMPLACEMENT, UTILISATION, DESCRIPTION, QUANTITE_STOCK, DATE_STOCK, COMMENT_PRODUIT, LONGEUR, LARGEUR, HAUTEUR, PRIX_PIECE_HT)values ('A16', 14, 12, null, 'Maximum 30 Kg', 	30, '2018-12-05', 'vendu par 20', 29, 19, 10.5, 0.64);
insert into PRODUIT (CODE_PRODUIT, NO_CATEGORIE, NO_EMPLACEMENT, UTILISATION, DESCRIPTION, QUANTITE_STOCK, DATE_STOCK, COMMENT_PRODUIT, LONGEUR, LARGEUR, HAUTEUR, PRIX_PIECE_HT)values ('A14G', 14, 12, null, 'Maximum 20 Kg', 	28, '2018-12-05', 'vendu par 20', 37, 30, 20, 1.73);
insert into PRODUIT (CODE_PRODUIT, NO_CATEGORIE, NO_EMPLACEMENT, UTILISATION, DESCRIPTION, QUANTITE_STOCK, DATE_STOCK, COMMENT_PRODUIT, LONGEUR, LARGEUR, HAUTEUR, PRIX_PIECE_HT)values ('A09G', 14, 12, null, 'Maximum 20 Kg', 	101, '2018-12-05', 'vendu par 20', 60, 40, 30, 3.41);
insert into PRODUIT (CODE_PRODUIT, NO_CATEGORIE, NO_EMPLACEMENT, UTILISATION, DESCRIPTION, QUANTITE_STOCK, DATE_STOCK, COMMENT_PRODUIT, LONGEUR, LARGEUR, HAUTEUR, PRIX_PIECE_HT)values ('A13', 14, 12, null, null,		96, '2018-12-05', 'vendu par 20', 40, 30, 20, 0.99);
insert into PRODUIT (CODE_PRODUIT, NO_CATEGORIE, NO_EMPLACEMENT, UTILISATION, DESCRIPTION, QUANTITE_STOCK, DATE_STOCK, COMMENT_PRODUIT, LONGEUR, LARGEUR, HAUTEUR, PRIX_PIECE_HT)values ('A07', 14, 12, null, null,		50, '2018-12-05', 'vendu par 20', 100,40,50, 5.38);

-- CAT 16 - Carton VPC Picking

insert into PRODUIT (CODE_PRODUIT, NO_CATEGORIE, NO_EMPLACEMENT, UTILISATION, DESCRIPTION, QUANTITE_STOCK, DATE_STOCK, COMMENT_PRODUIT, LONGEUR, LARGEUR, HAUTEUR, PRIX_PIECE_HT)values ('CAST70', 16, 8, null, 'Maximum 30 Kg',		150, '2018-12-05', 'vendu par 25', 40,30,20, 1.23);
insert into PRODUIT (CODE_PRODUIT, NO_CATEGORIE, NO_EMPLACEMENT, UTILISATION, DESCRIPTION, QUANTITE_STOCK, DATE_STOCK, COMMENT_PRODUIT, LONGEUR, LARGEUR, HAUTEUR, PRIX_PIECE_HT)values ('CAST56', 16, 8, null, 'Maximum 30 Kg',		225, '2018-12-05', 'vendu par 20', 60,30,20, 1.78);
insert into PRODUIT (CODE_PRODUIT, NO_CATEGORIE, NO_EMPLACEMENT, UTILISATION, DESCRIPTION, QUANTITE_STOCK, DATE_STOCK, COMMENT_PRODUIT, LONGEUR, LARGEUR, HAUTEUR, PRIX_PIECE_HT)values ('CAST57', 16, 8, null, 'Maximum 30 Kg',		135, '2018-12-05', 'vendu par 20', 60,30,40, 2.18);


-- CAT 15 - Carton isotherme pour aliments

insert into PRODUIT (CODE_PRODUIT, NO_CATEGORIE, NO_EMPLACEMENT, UTILISATION, DESCRIPTION, QUANTITE_STOCK, DATE_STOCK, COMMENT_PRODUIT, LONGEUR, LARGEUR, HAUTEUR, PRIX_PIECE_HT)values ('COOL02', 15, 2, null, 'Maximum 560 g', 220, '2018-12-05', 'vendu à l''unité', 20,10,10, 34.60);
insert into PRODUIT (CODE_PRODUIT, NO_CATEGORIE, NO_EMPLACEMENT, UTILISATION, DESCRIPTION, QUANTITE_STOCK, DATE_STOCK, COMMENT_PRODUIT, LONGEUR, LARGEUR, HAUTEUR, PRIX_PIECE_HT)values ('COOL05', 15, 2, null, 'Maximum 680 g', 325, '2018-12-05', 'vendu à l''unité', 30,20.5,20.5, 39.45);
insert into PRODUIT (CODE_PRODUIT, NO_CATEGORIE, NO_EMPLACEMENT, UTILISATION, DESCRIPTION, QUANTITE_STOCK, DATE_STOCK, COMMENT_PRODUIT, LONGEUR, LARGEUR, HAUTEUR, PRIX_PIECE_HT)values ('COOL10', 15, 2, null, 'Maximum 1160 g', 184, '2018-12-05', 'vendu à l''unité', 30,18,19, 55.70);
insert into PRODUIT (CODE_PRODUIT, NO_CATEGORIE, NO_EMPLACEMENT, UTILISATION, DESCRIPTION, QUANTITE_STOCK, DATE_STOCK, COMMENT_PRODUIT, LONGEUR, LARGEUR, HAUTEUR, PRIX_PIECE_HT)values ('COOL20', 15, 2, null, 'Maximum 1700 g', 64, '2018-12-05', 'vendu à l''unité', 40,20,25, 74.25);


-- CAT 3 - Carton isotherme et prod. dangereux

insert into PRODUIT (CODE_PRODUIT, NO_CATEGORIE, NO_EMPLACEMENT, UTILISATION, DESCRIPTION, QUANTITE_STOCK, DATE_STOCK, COMMENT_PRODUIT, LONGEUR, LARGEUR, HAUTEUR, PRIX_PIECE_HT)values ('DAP15', 3, 12, null, 'Maximum 4.4 Kg', 87, '2018-12-05', 'vendu par 5', 15, 15, 30, 5.38);
insert into PRODUIT (CODE_PRODUIT, NO_CATEGORIE, NO_EMPLACEMENT, UTILISATION, DESCRIPTION, QUANTITE_STOCK, DATE_STOCK, COMMENT_PRODUIT, LONGEUR, LARGEUR, HAUTEUR, PRIX_PIECE_HT)values ('DAP20', 3, 12, null, 'Maximum 11 Kg', 87, '2018-12-05', 'vendu par 5', 20, 20, 30, 7.25);
insert into PRODUIT (CODE_PRODUIT, NO_CATEGORIE, NO_EMPLACEMENT, UTILISATION, DESCRIPTION, QUANTITE_STOCK, DATE_STOCK, COMMENT_PRODUIT, LONGEUR, LARGEUR, HAUTEUR, PRIX_PIECE_HT)values ('DAP40', 3, 12, null, 'Maximum 30 Kg', 87, '2018-12-05', 'vendu par 5', 40, 30, 30, 10.25);
insert into PRODUIT (CODE_PRODUIT, NO_CATEGORIE, NO_EMPLACEMENT, UTILISATION, DESCRIPTION, QUANTITE_STOCK, DATE_STOCK, COMMENT_PRODUIT, LONGEUR, LARGEUR, HAUTEUR, PRIX_PIECE_HT)values ('DAP70', 3, 12, null, 'Maximum 87 Kg', 87, '2018-12-05', 'vendu par 5', 70, 40, 50, 23.50);

insert into PRODUIT (CODE_PRODUIT, NO_CATEGORIE, NO_EMPLACEMENT, UTILISATION, DESCRIPTION, QUANTITE_STOCK, DATE_STOCK, COMMENT_PRODUIT, LONGEUR, LARGEUR, HAUTEUR, PRIX_PIECE_HT)values ('4DVX18', 3, 12, null, 'Maximum 10 Kg', 66, '2018-12-05', 'vendu à l''unité', 40,30,40, 47.90);
insert into PRODUIT (CODE_PRODUIT, NO_CATEGORIE, NO_EMPLACEMENT, UTILISATION, DESCRIPTION, QUANTITE_STOCK, DATE_STOCK, COMMENT_PRODUIT, LONGEUR, LARGEUR, HAUTEUR, PRIX_PIECE_HT)values ('4DVX37', 3, 12, null, 'Maximum 20 Kg', 75, '2018-12-05', 'vendu à l''unité', 60,40,40, 59.90);
insert into PRODUIT (CODE_PRODUIT, NO_CATEGORIE, NO_EMPLACEMENT, UTILISATION, DESCRIPTION, QUANTITE_STOCK, DATE_STOCK, COMMENT_PRODUIT, LONGEUR, LARGEUR, HAUTEUR, PRIX_PIECE_HT)values ('4DVX114', 3, 12, null, 'Maximum 70 Kg', 53, '2018-12-05', 'vendu à l''unité', 80,60,60, 101);
insert into PRODUIT (CODE_PRODUIT, NO_CATEGORIE, NO_EMPLACEMENT, UTILISATION, DESCRIPTION, QUANTITE_STOCK, DATE_STOCK, COMMENT_PRODUIT, LONGEUR, LARGEUR, HAUTEUR, PRIX_PIECE_HT)values ('4DVX245', 3, 12, null, 'Maximum 120 Kg', 62, '2018-12-05', 'vendu à l''unité', 120,80,80, 170);

commit;


-- CAT 18 - Carton isotherme simple

insert into PRODUIT (CODE_PRODUIT, NO_CATEGORIE, NO_EMPLACEMENT, UTILISATION, DESCRIPTION, QUANTITE_STOCK, DATE_STOCK, COMMENT_PRODUIT, LONGEUR, LARGEUR, HAUTEUR, PRIX_PIECE_HT)values ('CIT05', 18, 10, null, 'Maximum 100 g', 75, '2018-12-05', 'vendu par 25', 18,18,20, 2.91);
insert into PRODUIT (CODE_PRODUIT, NO_CATEGORIE, NO_EMPLACEMENT, UTILISATION, DESCRIPTION, QUANTITE_STOCK, DATE_STOCK, COMMENT_PRODUIT, LONGEUR, LARGEUR, HAUTEUR, PRIX_PIECE_HT)values ('CIT08', 18, 10, null, 'Maximum 200 g', 125, '2018-12-05', 'vendu par 25', 30,20,17, 3.90);
insert into PRODUIT (CODE_PRODUIT, NO_CATEGORIE, NO_EMPLACEMENT, UTILISATION, DESCRIPTION, QUANTITE_STOCK, DATE_STOCK, COMMENT_PRODUIT, LONGEUR, LARGEUR, HAUTEUR, PRIX_PIECE_HT)values ('CIT15', 18, 10, null, 'Maximum 280 g', 200, '2018-12-05', 'vendu par 25', 15,40,30, 5.81);
insert into PRODUIT (CODE_PRODUIT, NO_CATEGORIE, NO_EMPLACEMENT, UTILISATION, DESCRIPTION, QUANTITE_STOCK, DATE_STOCK, COMMENT_PRODUIT, LONGEUR, LARGEUR, HAUTEUR, PRIX_PIECE_HT)values ('CIT20', 18, 10, null, 'Maximum 340 g', 50, '2018-12-05', 'vendu par 25', 28,28,28, 6.60);
insert into PRODUIT (CODE_PRODUIT, NO_CATEGORIE, NO_EMPLACEMENT, UTILISATION, DESCRIPTION, QUANTITE_STOCK, DATE_STOCK, COMMENT_PRODUIT, LONGEUR, LARGEUR, HAUTEUR, PRIX_PIECE_HT)values ('CIT27', 18, 11, null, 'Maximum 350 g', 150, '2018-12-05', 'vendu par 25', 30,30,30, 7.87);


-- CAT 17 - Enveloppes et pochettes

insert into PRODUIT (CODE_PRODUIT, NO_CATEGORIE, NO_EMPLACEMENT, UTILISATION, DESCRIPTION, QUANTITE_STOCK, DATE_STOCK, COMMENT_PRODUIT, LONGEUR, LARGEUR, HAUTEUR, PRIX_PIECE_HT)values ('PRF33', 17, 4, null, 'Pochette kraft', 400, '2018-12-05', 'vendu par 25', 229,324,null, 61.7);
insert into PRODUIT (CODE_PRODUIT, NO_CATEGORIE, NO_EMPLACEMENT, UTILISATION, DESCRIPTION, QUANTITE_STOCK, DATE_STOCK, COMMENT_PRODUIT, LONGEUR, LARGEUR, HAUTEUR, PRIX_PIECE_HT)values ('PRF43', 17, 4, null, 'Pochette kraft', 200, '2018-12-05', 'vendu par 25', 260,330,null, 69.50);
insert into PRODUIT (CODE_PRODUIT, NO_CATEGORIE, NO_EMPLACEMENT, UTILISATION, DESCRIPTION, QUANTITE_STOCK, DATE_STOCK, COMMENT_PRODUIT, LONGEUR, LARGEUR, HAUTEUR, PRIX_PIECE_HT)values ('PRF63', 17, 4, null, 'Pochette kraft', 200, '2018-12-05', 'vendu par 25', 340,465,null, 172);
insert into PRODUIT (CODE_PRODUIT, NO_CATEGORIE, NO_EMPLACEMENT, UTILISATION, DESCRIPTION, QUANTITE_STOCK, DATE_STOCK, COMMENT_PRODUIT, LONGEUR, LARGEUR, HAUTEUR, PRIX_PIECE_HT)values ('PPB43C', 17, 4, null, 'Pochette kraft', 300, '2018-12-05', 'vendu par 25', 22,32,null, 154);
insert into PRODUIT (CODE_PRODUIT, NO_CATEGORIE, NO_EMPLACEMENT, UTILISATION, DESCRIPTION, QUANTITE_STOCK, DATE_STOCK, COMMENT_PRODUIT, LONGEUR, LARGEUR, HAUTEUR, PRIX_PIECE_HT)values ('PPB32C', 17, 4, null, 'Pochette kraft', 500, '2018-12-05', 'vendu par 25', 48,32,null, 137);
insert into PRODUIT (CODE_PRODUIT, NO_CATEGORIE, NO_EMPLACEMENT, UTILISATION, DESCRIPTION, QUANTITE_STOCK, DATE_STOCK, COMMENT_PRODUIT, LONGEUR, LARGEUR, HAUTEUR, PRIX_PIECE_HT)values ('CG1B', 17, 4, null, 'Pochette navette à soufflet', 56, '2018-12-05', 'vendu à l''unité', 38,33,null, 43.10);
insert into PRODUIT (CODE_PRODUIT, NO_CATEGORIE, NO_EMPLACEMENT, UTILISATION, DESCRIPTION, QUANTITE_STOCK, DATE_STOCK, COMMENT_PRODUIT, LONGEUR, LARGEUR, HAUTEUR, PRIX_PIECE_HT)values ('CG6B', 17, 14, null, 'Pochette navette à soufflet', 43, '2018-12-05', 'vendu à l''unité', 50,40,null, 59.10);

-- CAT 5 - Callage et protection

insert into PRODUIT (CODE_PRODUIT, NO_CATEGORIE, NO_EMPLACEMENT, UTILISATION, DESCRIPTION, QUANTITE_STOCK, DATE_STOCK, COMMENT_PRODUIT, LONGEUR, LARGEUR, HAUTEUR, PRIX_PIECE_HT)values ('PLAK7', 5, 1, null, 'Plaque carton ondulé', 50, '2018-12-05', 'vendu par 25', 77,117,null, 33.95);
insert into PRODUIT (CODE_PRODUIT, NO_CATEGORIE, NO_EMPLACEMENT, UTILISATION, DESCRIPTION, QUANTITE_STOCK, DATE_STOCK, COMMENT_PRODUIT, LONGEUR, LARGEUR, HAUTEUR, PRIX_PIECE_HT)values ('PLAK1511', 5, 1, null, 'Plaque carton ondulé', 150, '2018-12-05', 'vendu par 50', 12,16,null, 4.99);
insert into PRODUIT (CODE_PRODUIT, NO_CATEGORIE, NO_EMPLACEMENT, UTILISATION, DESCRIPTION, QUANTITE_STOCK, DATE_STOCK, COMMENT_PRODUIT, LONGEUR, LARGEUR, HAUTEUR, PRIX_PIECE_HT)values ('PLAK1919', 5, 1, null, 'Plaque carton ondulé', 200, '2018-12-05', 'vendu par 50', 20,20,null, 7.80);
insert into PRODUIT (CODE_PRODUIT, NO_CATEGORIE, NO_EMPLACEMENT, UTILISATION, DESCRIPTION, QUANTITE_STOCK, DATE_STOCK, COMMENT_PRODUIT, LONGEUR, LARGEUR, HAUTEUR, PRIX_PIECE_HT)values ('PLAK1', 5, 1, null, 'Plaque carton ondulé', 250, '2018-12-05', 'vendu par 50', 30,30,null, 15.95);
insert into PRODUIT (CODE_PRODUIT, NO_CATEGORIE, NO_EMPLACEMENT, UTILISATION, DESCRIPTION, QUANTITE_STOCK, DATE_STOCK, COMMENT_PRODUIT, LONGEUR, LARGEUR, HAUTEUR, PRIX_PIECE_HT)values ('PLAK3', 5, 1, null, 'Plaque carton ondulé', 200, '2018-12-05', 'vendu par 50', 45,45,null, 20.30);

insert into PRODUIT (CODE_PRODUIT, NO_CATEGORIE, NO_EMPLACEMENT, UTILISATION, DESCRIPTION, QUANTITE_STOCK, DATE_STOCK, COMMENT_PRODUIT, LONGEUR, LARGEUR, HAUTEUR, PRIX_PIECE_HT)values ('MCFGL01', 5, 1, null, 'Bulles polystyrène', 60, '2018-12-05', 'vendu par sac', null,null,null, 47.95);
insert into PRODUIT (CODE_PRODUIT, NO_CATEGORIE, NO_EMPLACEMENT, UTILISATION, DESCRIPTION, QUANTITE_STOCK, DATE_STOCK, COMMENT_PRODUIT, LONGEUR, LARGEUR, HAUTEUR, PRIX_PIECE_HT)values ('BLUR05R', 5, 1, null, 'Papier bulle', 42, '2018-12-05', 'vendu par rouleu 60 cm', 50,100,null, 28.95);

commit;

-- CAT 19 - Adhésifs

insert into PRODUIT (CODE_PRODUIT, NO_CATEGORIE, NO_EMPLACEMENT, UTILISATION, DESCRIPTION, QUANTITE_STOCK, DATE_STOCK, COMMENT_PRODUIT, LONGEUR, LARGEUR, HAUTEUR, PRIX_PIECE_HT)values ('ADP23', 5, 1, null, 'Adhésif couleur Havane', 184, '2018-12-05', 'vendu par colis de 36', 50,66,null, 1.54);
insert into PRODUIT (CODE_PRODUIT, NO_CATEGORIE, NO_EMPLACEMENT, UTILISATION, DESCRIPTION, QUANTITE_STOCK, DATE_STOCK, COMMENT_PRODUIT, LONGEUR, LARGEUR, HAUTEUR, PRIX_PIECE_HT)values ('ADP25', 5, 1, null, 'Adhésif transparant', 205, '2018-12-05', 'vendu par colis de 36', 50,100,null, 3.10);
insert into PRODUIT (CODE_PRODUIT, NO_CATEGORIE, NO_EMPLACEMENT, UTILISATION, DESCRIPTION, QUANTITE_STOCK, DATE_STOCK, COMMENT_PRODUIT, LONGEUR, LARGEUR, HAUTEUR, PRIX_PIECE_HT)values ('ADP26', 5, 1, null, 'Adhésif blanc', 154, '2018-12-05', 'vendu par colis de 36', 50,100,null, 3.07);

insert into PRODUIT (CODE_PRODUIT, NO_CATEGORIE, NO_EMPLACEMENT, UTILISATION, DESCRIPTION, QUANTITE_STOCK, DATE_STOCK, COMMENT_PRODUIT, LONGEUR, LARGEUR, HAUTEUR, PRIX_PIECE_HT)values ('AD50R', 5, 1, null, 'Adhésif rouge', 50, '2018-12-05', 'vendu par colis de 6', 50,66,null, 5.56);
insert into PRODUIT (CODE_PRODUIT, NO_CATEGORIE, NO_EMPLACEMENT, UTILISATION, DESCRIPTION, QUANTITE_STOCK, DATE_STOCK, COMMENT_PRODUIT, LONGEUR, LARGEUR, HAUTEUR, PRIX_PIECE_HT)values ('AD50J', 5, 1, null, 'Adhésif jaune', 50, '2018-12-05', 'vendu par colis de 6', 50,66,null, 5.56);
insert into PRODUIT (CODE_PRODUIT, NO_CATEGORIE, NO_EMPLACEMENT, UTILISATION, DESCRIPTION, QUANTITE_STOCK, DATE_STOCK, COMMENT_PRODUIT, LONGEUR, LARGEUR, HAUTEUR, PRIX_PIECE_HT)values ('AD50V', 5, 1, null, 'Adhésif vert', 50, '2018-12-05', 'vendu par colis de 6', 50,66,null, 5.56);
insert into PRODUIT (CODE_PRODUIT, NO_CATEGORIE, NO_EMPLACEMENT, UTILISATION, DESCRIPTION, QUANTITE_STOCK, DATE_STOCK, COMMENT_PRODUIT, LONGEUR, LARGEUR, HAUTEUR, PRIX_PIECE_HT)values ('AD50B', 5, 1, null, 'Adhésif bleu', 50, '2018-12-05', 'vendu par colis de 6', 50,66,null, 5.56);
insert into PRODUIT (CODE_PRODUIT, NO_CATEGORIE, NO_EMPLACEMENT, UTILISATION, DESCRIPTION, QUANTITE_STOCK, DATE_STOCK, COMMENT_PRODUIT, LONGEUR, LARGEUR, HAUTEUR, PRIX_PIECE_HT)values ('AD50O', 5, 1, null, 'Adhésif orange', 50, '2018-12-05', 'vendu par colis de 6', 50,66,null, 5.56);
insert into PRODUIT (CODE_PRODUIT, NO_CATEGORIE, NO_EMPLACEMENT, UTILISATION, DESCRIPTION, QUANTITE_STOCK, DATE_STOCK, COMMENT_PRODUIT, LONGEUR, LARGEUR, HAUTEUR, PRIX_PIECE_HT)values ('AD50N', 5, 1, null, 'Adhésif noir', 50, '2018-12-05', 'vendu par colis de 6', 50,66,null, 5.56);

commit;


-- CAT 10 - Cerclage et protection

insert into PRODUIT (CODE_PRODUIT, NO_CATEGORIE, NO_EMPLACEMENT, UTILISATION, DESCRIPTION, QUANTITE_STOCK, DATE_STOCK, COMMENT_PRODUIT, LONGEUR, LARGEUR, HAUTEUR, PRIX_PIECE_HT)values ('1005NL', 10, 18, null, 'Lien autobloquant', 20, '2018-12-05', 'vendu par colis de 1000', 100,2.5,null, 15.80);
insert into PRODUIT (CODE_PRODUIT, NO_CATEGORIE, NO_EMPLACEMENT, UTILISATION, DESCRIPTION, QUANTITE_STOCK, DATE_STOCK, COMMENT_PRODUIT, LONGEUR, LARGEUR, HAUTEUR, PRIX_PIECE_HT)values ('SCEL1', 10, 18, null, 'Scellé à tigre crantée', 32, '2018-12-05', 'vendu par colis de 100', 16,0.28,null, 23.20);
insert into PRODUIT (CODE_PRODUIT, NO_CATEGORIE, NO_EMPLACEMENT, UTILISATION, DESCRIPTION, QUANTITE_STOCK, DATE_STOCK, COMMENT_PRODUIT, LONGEUR, LARGEUR, HAUTEUR, PRIX_PIECE_HT)values ('EZLOC16', 10, 18, null, 'Scellé haute sécurité', 40, '2018-12-05', 'vendu par colis de 20', 300,16,null, 40.20);
insert into PRODUIT (CODE_PRODUIT, NO_CATEGORIE, NO_EMPLACEMENT, UTILISATION, DESCRIPTION, QUANTITE_STOCK, DATE_STOCK, COMMENT_PRODUIT, LONGEUR, LARGEUR, HAUTEUR, PRIX_PIECE_HT)values ('SCF7000', 10, 18, null, 'Scellé feuillard', 25, '2018-12-05', 'vendu par colis de 50', null,null,null, 1.75);

-- CAT 12 - Emballages boutiques

insert into PRODUIT (CODE_PRODUIT, NO_CATEGORIE, NO_EMPLACEMENT, UTILISATION, DESCRIPTION, QUANTITE_STOCK, DATE_STOCK, COMMENT_PRODUIT, LONGEUR, LARGEUR, HAUTEUR, PRIX_PIECE_HT)values ('PE30', 12, 15, null, 'Sachet craft - poignées cordes', 75, '2018-12-03', 'vendu par colis de 25', 30,25,null, 22.40);
insert into PRODUIT (CODE_PRODUIT, NO_CATEGORIE, NO_EMPLACEMENT, UTILISATION, DESCRIPTION, QUANTITE_STOCK, DATE_STOCK, COMMENT_PRODUIT, LONGEUR, LARGEUR, HAUTEUR, PRIX_PIECE_HT)values ('PE12', 12, 15, null, 'Sachet craft - poignées cordes', 125, '2018-12-03', 'vendu par colis de 25', 12,16,null, 20.65);
insert into PRODUIT (CODE_PRODUIT, NO_CATEGORIE, NO_EMPLACEMENT, UTILISATION, DESCRIPTION, QUANTITE_STOCK, DATE_STOCK, COMMENT_PRODUIT, LONGEUR, LARGEUR, HAUTEUR, PRIX_PIECE_HT)values ('PE19', 12, 15, null, 'Sachet craft - poignées cordes', 50, '2018-12-03', 'vendu par colis de 25', 19,27,null, 22.75);
insert into PRODUIT (CODE_PRODUIT, NO_CATEGORIE, NO_EMPLACEMENT, UTILISATION, DESCRIPTION, QUANTITE_STOCK, DATE_STOCK, COMMENT_PRODUIT, LONGEUR, LARGEUR, HAUTEUR, PRIX_PIECE_HT)values ('PE40', 12, 15, null, 'Sachet craft - poignées cordes', 100, '2018-12-03', 'vendu par colis de 25', 40,32,null, 41.25);
insert into PRODUIT (CODE_PRODUIT, NO_CATEGORIE, NO_EMPLACEMENT, UTILISATION, DESCRIPTION, QUANTITE_STOCK, DATE_STOCK, COMMENT_PRODUIT, LONGEUR, LARGEUR, HAUTEUR, PRIX_PIECE_HT)values ('PE55', 12, 15, null, 'Sachet craft - poignées cordes', 50, '2018-12-03', 'vendu par colis de 25', 55,45,null, 56.90);

insert into PRODUIT (CODE_PRODUIT, NO_CATEGORIE, NO_EMPLACEMENT, UTILISATION, DESCRIPTION, QUANTITE_STOCK, DATE_STOCK, COMMENT_PRODUIT, LONGEUR, LARGEUR, HAUTEUR, PRIX_PIECE_HT)values ('20030', 12, 15, null, 'Sachet craft - poignées plates', 50, '2018-12-03', 'vendu par colis de 25', 30,25,null, 20.35);
insert into PRODUIT (CODE_PRODUIT, NO_CATEGORIE, NO_EMPLACEMENT, UTILISATION, DESCRIPTION, QUANTITE_STOCK, DATE_STOCK, COMMENT_PRODUIT, LONGEUR, LARGEUR, HAUTEUR, PRIX_PIECE_HT)values ('20012', 12, 15, null, 'Sachet craft - poignées plates', 150, '2018-12-03', 'vendu par colis de 25', 12,16,null, 18.65);
insert into PRODUIT (CODE_PRODUIT, NO_CATEGORIE, NO_EMPLACEMENT, UTILISATION, DESCRIPTION, QUANTITE_STOCK, DATE_STOCK, COMMENT_PRODUIT, LONGEUR, LARGEUR, HAUTEUR, PRIX_PIECE_HT)values ('20019', 12, 15, null, 'Sachet craft - poignées plates', 150, '2018-12-03', 'vendu par colis de 25', 19,27,null, 20.75);
insert into PRODUIT (CODE_PRODUIT, NO_CATEGORIE, NO_EMPLACEMENT, UTILISATION, DESCRIPTION, QUANTITE_STOCK, DATE_STOCK, COMMENT_PRODUIT, LONGEUR, LARGEUR, HAUTEUR, PRIX_PIECE_HT)values ('20040', 12, 15, null, 'Sachet craft - poignées plates', 100, '2018-12-03', 'vendu par colis de 25', 40,32,null, 28.25);
insert into PRODUIT (CODE_PRODUIT, NO_CATEGORIE, NO_EMPLACEMENT, UTILISATION, DESCRIPTION, QUANTITE_STOCK, DATE_STOCK, COMMENT_PRODUIT, LONGEUR, LARGEUR, HAUTEUR, PRIX_PIECE_HT)values ('20055', 12, 15, null, 'Sachet craft - poignées plates', 50, '2018-12-03', 'vendu par colis de 25', 55,45,null, 53.90);

insert into PRODUIT (CODE_PRODUIT, NO_CATEGORIE, NO_EMPLACEMENT, UTILISATION, DESCRIPTION, QUANTITE_STOCK, DATE_STOCK, COMMENT_PRODUIT, LONGEUR, LARGEUR, HAUTEUR, PRIX_PIECE_HT)values ('TOR30', 12, 15, null, 'Sachet craft - poignées torsadées', 75, '2018-12-03', 'vendu par colis de 25', 30,25,null, 21.35);
insert into PRODUIT (CODE_PRODUIT, NO_CATEGORIE, NO_EMPLACEMENT, UTILISATION, DESCRIPTION, QUANTITE_STOCK, DATE_STOCK, COMMENT_PRODUIT, LONGEUR, LARGEUR, HAUTEUR, PRIX_PIECE_HT)values ('TOR12', 12, 15, null, 'Sachet craft - poignées torsadées', 50, '2018-12-03', 'vendu par colis de 25', 12,16,null, 19.65);
insert into PRODUIT (CODE_PRODUIT, NO_CATEGORIE, NO_EMPLACEMENT, UTILISATION, DESCRIPTION, QUANTITE_STOCK, DATE_STOCK, COMMENT_PRODUIT, LONGEUR, LARGEUR, HAUTEUR, PRIX_PIECE_HT)values ('TOR19', 12, 15, null, 'Sachet craft - poignées torsadées', 150, '2018-12-03', 'vendu par colis de 25', 19,27,null, 21.75);
insert into PRODUIT (CODE_PRODUIT, NO_CATEGORIE, NO_EMPLACEMENT, UTILISATION, DESCRIPTION, QUANTITE_STOCK, DATE_STOCK, COMMENT_PRODUIT, LONGEUR, LARGEUR, HAUTEUR, PRIX_PIECE_HT)values ('TOR40', 12, 15, null, 'Sachet craft - poignées torsadées', 50, '2018-12-03', 'vendu par colis de 25', 40,32,null, 29.25);
insert into PRODUIT (CODE_PRODUIT, NO_CATEGORIE, NO_EMPLACEMENT, UTILISATION, DESCRIPTION, QUANTITE_STOCK, DATE_STOCK, COMMENT_PRODUIT, LONGEUR, LARGEUR, HAUTEUR, PRIX_PIECE_HT)values ('TOR55', 12, 15, null, 'Sachet craft - poignées torsadées', 25, '2018-12-03', 'vendu par colis de 25', 55,45,null, 54.90);

insert into PRODUIT (CODE_PRODUIT, NO_CATEGORIE, NO_EMPLACEMENT, UTILISATION, DESCRIPTION, QUANTITE_STOCK, DATE_STOCK, COMMENT_PRODUIT, LONGEUR, LARGEUR, HAUTEUR, PRIX_PIECE_HT)values ('BFT140', 12, 15, 'pour cosmétiques, lingerie', 'Boîte cadeau', 100, '2018-12-03', 'vendu par colis de 25', 14,14,16.5, 42.95);
insert into PRODUIT (CODE_PRODUIT, NO_CATEGORIE, NO_EMPLACEMENT, UTILISATION, DESCRIPTION, QUANTITE_STOCK, DATE_STOCK, COMMENT_PRODUIT, LONGEUR, LARGEUR, HAUTEUR, PRIX_PIECE_HT)values ('BET15N', 12, 15, 'pour cosmétique, layette', 'Boîte cadeau', 70, '2018-12-03', 'vendu par colis de 10', 22,22,8, 29.90);
insert into PRODUIT (CODE_PRODUIT, NO_CATEGORIE, NO_EMPLACEMENT, UTILISATION, DESCRIPTION, QUANTITE_STOCK, DATE_STOCK, COMMENT_PRODUIT, LONGEUR, LARGEUR, HAUTEUR, PRIX_PIECE_HT)values ('BET26N', 12, 15, 'pour linge de maison, objets déco', 'Boîte cadeau', 150, '2018-12-03', 'vendu par colis de 10', 27,27,10, 39.40);

-- CAT 7 - Palettes

insert into PRODUIT (CODE_PRODUIT, NO_CATEGORIE, NO_EMPLACEMENT, UTILISATION, DESCRIPTION, QUANTITE_STOCK, DATE_STOCK, COMMENT_PRODUIT, LONGEUR, LARGEUR, HAUTEUR, PRIX_PIECE_HT)values ('PAL5', 7, 11, null, 'Palette à claire-voie', 120, '2018-12-03', 'vendu par 5', 600,800,140, 10.30);

insert into PRODUIT (CODE_PRODUIT, NO_CATEGORIE, NO_EMPLACEMENT, UTILISATION, DESCRIPTION, QUANTITE_STOCK, DATE_STOCK, COMMENT_PRODUIT, LONGEUR, LARGEUR, HAUTEUR, PRIX_PIECE_HT)values ('PAL3', 7, 11, null, 'Palette à claire-voie', 100, '2018-12-03', 'vendu par 5', 800,800,123, 15.65);
insert into PRODUIT (CODE_PRODUIT, NO_CATEGORIE, NO_EMPLACEMENT, UTILISATION, DESCRIPTION, QUANTITE_STOCK, DATE_STOCK, COMMENT_PRODUIT, LONGEUR, LARGEUR, HAUTEUR, PRIX_PIECE_HT)values ('PAL4', 7, 11, null, 'Palette à claire-voie', 75, '2018-12-03', 'vendu par 5', 900,900,123, 20.95);

insert into PRODUIT (CODE_PRODUIT, NO_CATEGORIE, NO_EMPLACEMENT, UTILISATION, DESCRIPTION, QUANTITE_STOCK, DATE_STOCK, COMMENT_PRODUIT, LONGEUR, LARGEUR, HAUTEUR, PRIX_PIECE_HT)values ('CLIC40', 7, 11, null, 'Palette carton clic-clac 6000 Kg', 40, '2018-12-03', 'vendu à l''unité', 600,400,120, 4.20);
insert into PRODUIT (CODE_PRODUIT, NO_CATEGORIE, NO_EMPLACEMENT, UTILISATION, DESCRIPTION, QUANTITE_STOCK, DATE_STOCK, COMMENT_PRODUIT, LONGEUR, LARGEUR, HAUTEUR, PRIX_PIECE_HT)values ('CLIC60', 7, 11, null, 'Palette carton clic-clac 12000 Kg', 30, '2018-12-03', 'vendu à l''unité', 800,600,120, 5.99);

commit;



-- ==========================
-- Données table FOURNISSEUR
-- ==========================

-- Fabriquants CARTON

insert into FOURNISSEUR (NO_FOURNISSEUR, NOM_FOURNISSEUR, NORUE, RUE, CPOSTAL, VILLE, NOTEL, EMAIL) values (1, 'Carton Nylon Cotton', '146', 'Rue Montmartre', 75002, 'Paris', '0148010245', 'contact@carton-nylon-coton.fr');
insert into FOURNISSEUR (NO_FOURNISSEUR, NOM_FOURNISSEUR, NORUE, RUE, CPOSTAL, VILLE, NOTEL, EMAIL) values (2, 'Multi Services Carton', '9', 'Boulevard Georges Meliès', '94356', 'Villiers-sur-Marne', '0963575146', 'msc@multi-services-carton.com');
insert into FOURNISSEUR (NO_FOURNISSEUR, NOM_FOURNISSEUR, NORUE, RUE, CPOSTAL, VILLE, NOTEL, EMAIL) values (3, 'Boxs', '25', 'Rue Saint-Yves', '75014', 'Paris', '0145393681', 'info@boxs.fr');
insert into FOURNISSEUR (NO_FOURNISSEUR, NOM_FOURNISSEUR, NORUE, RUE, CPOSTAL, VILLE, NOTEL, EMAIL) values (4, 'Gatine', '5', 'Rue Jezanne', '78711', 'Mantes-la-Ville', '0130920786', 'b.gatine@gatine.fr');
insert into FOURNISSEUR (NO_FOURNISSEUR, NOM_FOURNISSEUR, NORUE, RUE, CPOSTAL, VILLE, NOTEL, EMAIL) values (5, 'Cartonnage Turquet Bos', '17', 'Rue des Hortensias', '60110', 'Amblainville', '0344521365', 'devis1@turquet-bos.fr ');
insert into FOURNISSEUR (NO_FOURNISSEUR, NOM_FOURNISSEUR, NORUE, RUE, CPOSTAL, VILLE, NOTEL, EMAIL) values (6, 'Carton Service', '14', 'Impasse des Moines', '91410', 'Dourdan', '0164593224', null);

-- Fabriquants PLASTIQUE

insert into FOURNISSEUR (NO_FOURNISSEUR, NOM_FOURNISSEUR, NORUE, RUE, CPOSTAL, VILLE, NOTEL, EMAIL) values (7, 'AK Sarl Emballages', '12', 'Rue Bayen', '75017', 'Paris', '0147646390', 'info@akemballages.com');
insert into FOURNISSEUR (NO_FOURNISSEUR, NOM_FOURNISSEUR, NORUE, RUE, CPOSTAL, VILLE, NOTEL, EMAIL) values (8, 'Hirschfeld Emballages', '6', 'Parc des Fontenelles', '78870', 'Bailly', '0130565548', null);
insert into FOURNISSEUR (NO_FOURNISSEUR, NOM_FOURNISSEUR, NORUE, RUE, CPOSTAL, VILLE, NOTEL, EMAIL) values (9, 'Somater Conditionnements', '98', 'Route de la Reine', '92100', 'Boulogne-Billancourt', '0146056507', null);
insert into FOURNISSEUR (NO_FOURNISSEUR, NOM_FOURNISSEUR, NORUE, RUE, CPOSTAL, VILLE, NOTEL, EMAIL) values (10, 'Aluplast', '9', 'Route de Bu', '78550', 'Houdan', '0134942545', 'contact@aluplast.fr');

-- Fabricants ENVELOPPES, POCHETTES

insert into FOURNISSEUR (NO_FOURNISSEUR, NOM_FOURNISSEUR, NORUE, RUE, CPOSTAL, VILLE, NOTEL, EMAIL) values (11,  'Sedic Vitrafix', '22', 'Avenue de la Division Leclerc', '93017', 'Bobigny', '0148958919', 'contact@sedic-vitrafix.com');
insert into FOURNISSEUR (NO_FOURNISSEUR, NOM_FOURNISSEUR, NORUE, RUE, CPOSTAL, VILLE, NOTEL, EMAIL) values (12,  'Luxenvel', '25', 'Boulevard Armand Hayem', '95680', 'Montlignon', '0134160582', 'contact@luxenvel.fr');

-- Fabricants PALETTES

insert into FOURNISSEUR (NO_FOURNISSEUR, NOM_FOURNISSEUR, NORUE, RUE, CPOSTAL, VILLE, NOTEL, EMAIL) values (13,  'Feralco', '18', 'Rue Goubet', '75019', 'Paris', '0144525570', 'contact@feralco.fr');
insert into FOURNISSEUR (NO_FOURNISSEUR, NOM_FOURNISSEUR, NORUE, RUE, CPOSTAL, VILLE, NOTEL, EMAIL) values (14,  'Pal consulting', '14', 'Rue des Rosiers', '78500', 'Sartrouville', '0185084555', null);
insert into FOURNISSEUR (NO_FOURNISSEUR, NOM_FOURNISSEUR, NORUE, RUE, CPOSTAL, VILLE, NOTEL, EMAIL) values (15,  'PMO Palettes', '5', 'Avenue Ambroise Croizat', '91130', 'Ris-Orangis', '0160155719', 'contact@pmo-palettes.fr');

-- Fabricants CERCLAGE, FILMS PLASTIQUES, BULLES PROTECTION, etc.

insert into FOURNISSEUR (NO_FOURNISSEUR, NOM_FOURNISSEUR, NORUE, RUE, CPOSTAL, VILLE, NOTEL, EMAIL) values (16,  'Polybel', '60', 'rue du Moulin du Président', '89000', 'Auxerre', '0386949005', 'contact@polybel.fr');
insert into FOURNISSEUR (NO_FOURNISSEUR, NOM_FOURNISSEUR, NORUE, RUE, CPOSTAL, VILLE, NOTEL, EMAIL) values (17,  'Expepack', '176', 'rue du Buisson', '59700', 'Marq en Baroeul', '0820200745', 'contact@expepack.fr');
insert into FOURNISSEUR (NO_FOURNISSEUR, NOM_FOURNISSEUR, NORUE, RUE, CPOSTAL, VILLE, NOTEL, EMAIL) values (18,  'FROMM France', null, 'Rue de l''Aviation', '21121', 'Darois', '0380356767', 'contact@fromm.fr');
insert into FOURNISSEUR (NO_FOURNISSEUR, NOM_FOURNISSEUR, NORUE, RUE, CPOSTAL, VILLE, NOTEL, EMAIL) values (19,  'GETRA', '29', 'Rue de la Gare', '88120', 'Saint Ame', '0329262600', 'contact@pmo-palettes.fr');

commit;




-- =======================
-- Données table COMPOSER
-- =======================

insert into COMPOSER (CODE_PRODUIT, NO_MATIERE) values ('CIT08', 1);
insert into COMPOSER (CODE_PRODUIT, NO_MATIERE) values ('CIT08', 8);

insert into COMPOSER (CODE_PRODUIT, NO_MATIERE) values ('CAD17', 1);
insert into COMPOSER (CODE_PRODUIT, NO_MATIERE) values ('CAD21', 1);
insert into COMPOSER (CODE_PRODUIT, NO_MATIERE) values ('CAD22', 1);
insert into COMPOSER (CODE_PRODUIT, NO_MATIERE) values ('CAD28', 1);
insert into COMPOSER (CODE_PRODUIT, NO_MATIERE) values ('CAD30', 1);
insert into COMPOSER (CODE_PRODUIT, NO_MATIERE) values ('CAD21A', 1);
insert into COMPOSER (CODE_PRODUIT, NO_MATIERE) values ('CAD21B', 1);
insert into COMPOSER (CODE_PRODUIT, NO_MATIERE) values ('CAS16', 1);
insert into COMPOSER (CODE_PRODUIT, NO_MATIERE) values ('CAS15', 1);
insert into COMPOSER (CODE_PRODUIT, NO_MATIERE) values ('CAS15A', 1);
insert into COMPOSER (CODE_PRODUIT, NO_MATIERE) values ('CAS67B', 1);
insert into COMPOSER (CODE_PRODUIT, NO_MATIERE) values ('CAS59', 1);
insert into COMPOSER (CODE_PRODUIT, NO_MATIERE) values ('CAS67', 1);
insert into COMPOSER (CODE_PRODUIT, NO_MATIERE) values ('CAS58', 1);
insert into COMPOSER (CODE_PRODUIT, NO_MATIERE) values ('CFA210', 1);
insert into COMPOSER (CODE_PRODUIT, NO_MATIERE) values ('CFA280', 1);

insert into COMPOSER (CODE_PRODUIT, NO_MATIERE) values ('CAT18', 1);
insert into COMPOSER (CODE_PRODUIT, NO_MATIERE) values ('CAT23', 1);
insert into COMPOSER (CODE_PRODUIT, NO_MATIERE) values ('CAT04', 1);
insert into COMPOSER (CODE_PRODUIT, NO_MATIERE) values ('CAT22', 1);
insert into COMPOSER (CODE_PRODUIT, NO_MATIERE) values ('CAT24', 1);
insert into COMPOSER (CODE_PRODUIT, NO_MATIERE) values ('CAT60',  1);
insert into COMPOSER (CODE_PRODUIT, NO_MATIERE) values ('CAT40',  1);
insert into COMPOSER (CODE_PRODUIT, NO_MATIERE) values ('CAT80',  1);
insert into COMPOSER (CODE_PRODUIT, NO_MATIERE) values ('CAS202', 1);
insert into COMPOSER (CODE_PRODUIT, NO_MATIERE) values ('CAS204', 1);
insert into COMPOSER (CODE_PRODUIT, NO_MATIERE) values ('CAS208', 1);
insert into COMPOSER (CODE_PRODUIT, NO_MATIERE) values ('CAS219', 1);
insert into COMPOSER (CODE_PRODUIT, NO_MATIERE) values ('CAD21S', 1);
insert into COMPOSER (CODE_PRODUIT, NO_MATIERE) values ('CAD201', 1);
insert into COMPOSER (CODE_PRODUIT, NO_MATIERE) values ('CAD239', 1);
insert into COMPOSER (CODE_PRODUIT, NO_MATIERE) values ('CAD21T', 1);

insert into COMPOSER (CODE_PRODUIT, NO_MATIERE)values ('A15', 1);
insert into COMPOSER (CODE_PRODUIT, NO_MATIERE)values ('A16', 1);
insert into COMPOSER (CODE_PRODUIT, NO_MATIERE)values ('A14G', 1);
insert into COMPOSER (CODE_PRODUIT, NO_MATIERE)values ('A09G', 1);
insert into COMPOSER (CODE_PRODUIT, NO_MATIERE)values ('A13', 1);
insert into COMPOSER (CODE_PRODUIT, NO_MATIERE)values ('A07', 1);

insert into COMPOSER (CODE_PRODUIT, NO_MATIERE)values ('CAST70', 1);
insert into COMPOSER (CODE_PRODUIT, NO_MATIERE)values ('CAST56', 1);
insert into COMPOSER (CODE_PRODUIT, NO_MATIERE)values ('CAST57', 1);

insert into COMPOSER (CODE_PRODUIT, NO_MATIERE)values ('COOL02',  1);
insert into COMPOSER (CODE_PRODUIT, NO_MATIERE)values ('COOL05',  1);
insert into COMPOSER (CODE_PRODUIT, NO_MATIERE)values ('COOL10',  1);
insert into COMPOSER (CODE_PRODUIT, NO_MATIERE)values ('COOL20',  1);
insert into COMPOSER (CODE_PRODUIT, NO_MATIERE)values ('COOL02',  8);
insert into COMPOSER (CODE_PRODUIT, NO_MATIERE)values ('COOL05',  8);
insert into COMPOSER (CODE_PRODUIT, NO_MATIERE)values ('COOL10',  8);
insert into COMPOSER (CODE_PRODUIT, NO_MATIERE)values ('COOL20',  8);

insert into COMPOSER (CODE_PRODUIT, NO_MATIERE)values ('DAP15',  1);
insert into COMPOSER (CODE_PRODUIT, NO_MATIERE)values ('DAP20',  1);
insert into COMPOSER (CODE_PRODUIT, NO_MATIERE)values ('DAP40',  1);
insert into COMPOSER (CODE_PRODUIT, NO_MATIERE)values ('DAP70',  1);
insert into COMPOSER (CODE_PRODUIT, NO_MATIERE)values ('DAP15',  8);
insert into COMPOSER (CODE_PRODUIT, NO_MATIERE)values ('DAP20',  8);
insert into COMPOSER (CODE_PRODUIT, NO_MATIERE)values ('DAP40',  8);
insert into COMPOSER (CODE_PRODUIT, NO_MATIERE)values ('DAP70',  8);

insert into COMPOSER (CODE_PRODUIT, NO_MATIERE)values ('4DVX18',  4);
insert into COMPOSER (CODE_PRODUIT, NO_MATIERE)values ('4DVX37',  4);
insert into COMPOSER (CODE_PRODUIT, NO_MATIERE)values ('4DVX114',  4);
insert into COMPOSER (CODE_PRODUIT, NO_MATIERE)values ('4DVX245',  4);
insert into COMPOSER (CODE_PRODUIT, NO_MATIERE)values ('4DVX18',  8);
insert into COMPOSER (CODE_PRODUIT, NO_MATIERE)values ('4DVX37',  8);
insert into COMPOSER (CODE_PRODUIT, NO_MATIERE)values ('4DVX114',  8);
insert into COMPOSER (CODE_PRODUIT, NO_MATIERE)values ('4DVX245',  8);

insert into COMPOSER (CODE_PRODUIT, NO_MATIERE)values ('CIT05', 1);
insert into COMPOSER (CODE_PRODUIT, NO_MATIERE)values ('CIT15', 1);
insert into COMPOSER (CODE_PRODUIT, NO_MATIERE)values ('CIT20', 1);
insert into COMPOSER (CODE_PRODUIT, NO_MATIERE)values ('CIT27', 1);
insert into COMPOSER (CODE_PRODUIT, NO_MATIERE)values ('CIT05', 8);
insert into COMPOSER (CODE_PRODUIT, NO_MATIERE)values ('CIT15', 8);
insert into COMPOSER (CODE_PRODUIT, NO_MATIERE)values ('CIT20', 8);
insert into COMPOSER (CODE_PRODUIT, NO_MATIERE)values ('CIT27', 8);

insert into COMPOSER (CODE_PRODUIT, NO_MATIERE)values ('PRF33', 9);
insert into COMPOSER (CODE_PRODUIT, NO_MATIERE)values ('PRF43', 9);
insert into COMPOSER (CODE_PRODUIT, NO_MATIERE)values ('PRF63', 9);
insert into COMPOSER (CODE_PRODUIT, NO_MATIERE)values ('PPB43C', 3);
insert into COMPOSER (CODE_PRODUIT, NO_MATIERE)values ('PPB32C', 3);
insert into COMPOSER (CODE_PRODUIT, NO_MATIERE)values ('CG1B', 3);
insert into COMPOSER (CODE_PRODUIT, NO_MATIERE)values ('CG6B', 3);

insert into COMPOSER (CODE_PRODUIT, NO_MATIERE)values ('PLAK7',  1);
insert into COMPOSER (CODE_PRODUIT, NO_MATIERE)values ('PLAK1511',  1);
insert into COMPOSER (CODE_PRODUIT, NO_MATIERE)values ('PLAK1919',  1);
insert into COMPOSER (CODE_PRODUIT, NO_MATIERE)values ('PLAK1',  1);
insert into COMPOSER (CODE_PRODUIT, NO_MATIERE)values ('PLAK3',  1);
insert into COMPOSER (CODE_PRODUIT, NO_MATIERE)values ('MCFGL01', 3);
insert into COMPOSER (CODE_PRODUIT, NO_MATIERE)values ('BLUR05R', 3);

insert into COMPOSER (CODE_PRODUIT, NO_MATIERE)values ('ADP23', 3);
insert into COMPOSER (CODE_PRODUIT, NO_MATIERE)values ('ADP25', 3);
insert into COMPOSER (CODE_PRODUIT, NO_MATIERE)values ('ADP26', 3);
insert into COMPOSER (CODE_PRODUIT, NO_MATIERE)values ('AD50R', 3);
insert into COMPOSER (CODE_PRODUIT, NO_MATIERE)values ('AD50J', 3);
insert into COMPOSER (CODE_PRODUIT, NO_MATIERE)values ('AD50V', 3);
insert into COMPOSER (CODE_PRODUIT, NO_MATIERE)values ('AD50B', 3);
insert into COMPOSER (CODE_PRODUIT, NO_MATIERE)values ('AD50O', 3);
insert into COMPOSER (CODE_PRODUIT, NO_MATIERE)values ('AD50N', 3);
insert into COMPOSER (CODE_PRODUIT, NO_MATIERE)values ('ADP23', 5);
insert into COMPOSER (CODE_PRODUIT, NO_MATIERE)values ('ADP25', 5);
insert into COMPOSER (CODE_PRODUIT, NO_MATIERE)values ('ADP26', 5);
insert into COMPOSER (CODE_PRODUIT, NO_MATIERE)values ('AD50R', 5);
insert into COMPOSER (CODE_PRODUIT, NO_MATIERE)values ('AD50J', 5);
insert into COMPOSER (CODE_PRODUIT, NO_MATIERE)values ('AD50V', 5);
insert into COMPOSER (CODE_PRODUIT, NO_MATIERE)values ('AD50B', 5);
insert into COMPOSER (CODE_PRODUIT, NO_MATIERE)values ('AD50O', 5);
insert into COMPOSER (CODE_PRODUIT, NO_MATIERE)values ('AD50N', 5);

insert into COMPOSER (CODE_PRODUIT, NO_MATIERE)values ('1005NL', 3);
insert into COMPOSER (CODE_PRODUIT, NO_MATIERE)values ('SCEL1', 3);
insert into COMPOSER (CODE_PRODUIT, NO_MATIERE)values ('EZLOC16', 2);
insert into COMPOSER (CODE_PRODUIT, NO_MATIERE)values ('SCF7000', 3);

insert into COMPOSER (CODE_PRODUIT, NO_MATIERE)values ('PE30', 9 );
insert into COMPOSER (CODE_PRODUIT, NO_MATIERE)values ('PE12', 9 );
insert into COMPOSER (CODE_PRODUIT, NO_MATIERE)values ('PE19', 9 );
insert into COMPOSER (CODE_PRODUIT, NO_MATIERE)values ('PE40', 9 );
insert into COMPOSER (CODE_PRODUIT, NO_MATIERE)values ('PE55', 9 );
insert into COMPOSER (CODE_PRODUIT, NO_MATIERE)values ('PE30', 10 );
insert into COMPOSER (CODE_PRODUIT, NO_MATIERE)values ('PE12', 10 );
insert into COMPOSER (CODE_PRODUIT, NO_MATIERE)values ('PE19', 10 );
insert into COMPOSER (CODE_PRODUIT, NO_MATIERE)values ('PE40', 10 );
insert into COMPOSER (CODE_PRODUIT, NO_MATIERE)values ('PE55', 10 );

insert into COMPOSER (CODE_PRODUIT, NO_MATIERE)values ('20030', 9);
insert into COMPOSER (CODE_PRODUIT, NO_MATIERE)values ('20012', 9);
insert into COMPOSER (CODE_PRODUIT, NO_MATIERE)values ('20019', 9);
insert into COMPOSER (CODE_PRODUIT, NO_MATIERE)values ('20040', 9);
insert into COMPOSER (CODE_PRODUIT, NO_MATIERE)values ('20055', 9);

insert into COMPOSER (CODE_PRODUIT, NO_MATIERE)values ('TOR30', 9);
insert into COMPOSER (CODE_PRODUIT, NO_MATIERE)values ('TOR12', 9);
insert into COMPOSER (CODE_PRODUIT, NO_MATIERE)values ('TOR19', 9);
insert into COMPOSER (CODE_PRODUIT, NO_MATIERE)values ('TOR40', 9);
insert into COMPOSER (CODE_PRODUIT, NO_MATIERE)values ('TOR55', 9);

insert into COMPOSER (CODE_PRODUIT, NO_MATIERE)values ('BET26N', 1);
insert into COMPOSER (CODE_PRODUIT, NO_MATIERE)values ('BFT140', 1);
insert into COMPOSER (CODE_PRODUIT, NO_MATIERE)values ('BET15N', 1);

insert into COMPOSER (CODE_PRODUIT, NO_MATIERE)values ('PAL5', 4);
insert into COMPOSER (CODE_PRODUIT, NO_MATIERE)values ('CLIC40', 4);
insert into COMPOSER (CODE_PRODUIT, NO_MATIERE)values ('CLIC60', 4);
insert into COMPOSER (CODE_PRODUIT, NO_MATIERE)values ('PAL3',  1);
insert into COMPOSER (CODE_PRODUIT, NO_MATIERE)values ('PAL4', 1);


-- =======================
-- Données table PROPOSER
-- =======================

insert into PROPOSER (CODE_PRODUIT, NO_FOURNISSEUR) values ('CIT08', 2 );
insert into PROPOSER (CODE_PRODUIT, NO_FOURNISSEUR) values ('CIT08', 4 );

insert into PROPOSER (CODE_PRODUIT, NO_FOURNISSEUR) values ('CAD17', 1 );
insert into PROPOSER (CODE_PRODUIT, NO_FOURNISSEUR) values ('CAD21', 1 );
insert into PROPOSER (CODE_PRODUIT, NO_FOURNISSEUR) values ('CAD22', 1 );
insert into PROPOSER (CODE_PRODUIT, NO_FOURNISSEUR) values ('CAD28', 1 );
insert into PROPOSER (CODE_PRODUIT, NO_FOURNISSEUR) values ('CAD30', 1 );
insert into PROPOSER (CODE_PRODUIT, NO_FOURNISSEUR) values ('CAD21A', 1 );
insert into PROPOSER (CODE_PRODUIT, NO_FOURNISSEUR) values ('CAD21B', 1 );
insert into PROPOSER (CODE_PRODUIT, NO_FOURNISSEUR) values ('CAD21A', 5 );
insert into PROPOSER (CODE_PRODUIT, NO_FOURNISSEUR) values ('CAD21B', 5 );

insert into PROPOSER (CODE_PRODUIT, NO_FOURNISSEUR) values ('CAS16', 3 );
insert into PROPOSER (CODE_PRODUIT, NO_FOURNISSEUR) values ('CAS15', 3 );
insert into PROPOSER (CODE_PRODUIT, NO_FOURNISSEUR) values ('CAS15A', 3 );
insert into PROPOSER (CODE_PRODUIT, NO_FOURNISSEUR) values ('CAS67B', 3 );
insert into PROPOSER (CODE_PRODUIT, NO_FOURNISSEUR) values ('CAS59', 3 );
insert into PROPOSER (CODE_PRODUIT, NO_FOURNISSEUR) values ('CAS67', 3 );
insert into PROPOSER (CODE_PRODUIT, NO_FOURNISSEUR) values ('CAS58', 3 );
insert into PROPOSER (CODE_PRODUIT, NO_FOURNISSEUR) values ('CFA210', 3 );
insert into PROPOSER (CODE_PRODUIT, NO_FOURNISSEUR) values ('CFA280', 3 );
insert into PROPOSER (CODE_PRODUIT, NO_FOURNISSEUR) values ('CAS16', 4 );
insert into PROPOSER (CODE_PRODUIT, NO_FOURNISSEUR) values ('CAS15', 4 );
insert into PROPOSER (CODE_PRODUIT, NO_FOURNISSEUR) values ('CAS15A', 4 );
insert into PROPOSER (CODE_PRODUIT, NO_FOURNISSEUR) values ('CAS67B', 4 );
insert into PROPOSER (CODE_PRODUIT, NO_FOURNISSEUR) values ('CAS59', 4 );
insert into PROPOSER (CODE_PRODUIT, NO_FOURNISSEUR) values ('CAS67', 4 );
insert into PROPOSER (CODE_PRODUIT, NO_FOURNISSEUR) values ('CAS58', 4 );
insert into PROPOSER (CODE_PRODUIT, NO_FOURNISSEUR) values ('CFA210', 6 );
insert into PROPOSER (CODE_PRODUIT, NO_FOURNISSEUR) values ('CFA280', 6 );

insert into PROPOSER (CODE_PRODUIT, NO_FOURNISSEUR) values ('CAT18', 2);
insert into PROPOSER (CODE_PRODUIT, NO_FOURNISSEUR) values ('CAT23', 2);
insert into PROPOSER (CODE_PRODUIT, NO_FOURNISSEUR) values ('CAT04', 2);
insert into PROPOSER (CODE_PRODUIT, NO_FOURNISSEUR) values ('CAT22', 2);
insert into PROPOSER (CODE_PRODUIT, NO_FOURNISSEUR) values ('CAT24', 2);
insert into PROPOSER (CODE_PRODUIT, NO_FOURNISSEUR) values ('CAT60', 2);
insert into PROPOSER (CODE_PRODUIT, NO_FOURNISSEUR) values ('CAT40', 2);
insert into PROPOSER (CODE_PRODUIT, NO_FOURNISSEUR) values ('CAT80', 2);
insert into PROPOSER (CODE_PRODUIT, NO_FOURNISSEUR) values ('CAT60', 3);
insert into PROPOSER (CODE_PRODUIT, NO_FOURNISSEUR) values ('CAT40', 3);
insert into PROPOSER (CODE_PRODUIT, NO_FOURNISSEUR) values ('CAT80', 3);
insert into PROPOSER (CODE_PRODUIT, NO_FOURNISSEUR) values ('CAT60', 5);
insert into PROPOSER (CODE_PRODUIT, NO_FOURNISSEUR) values ('CAT40', 5);
insert into PROPOSER (CODE_PRODUIT, NO_FOURNISSEUR) values ('CAT80', 5);

insert into PROPOSER (CODE_PRODUIT, NO_FOURNISSEUR) values ('CAS202', 2);
insert into PROPOSER (CODE_PRODUIT, NO_FOURNISSEUR) values ('CAS204', 2);
insert into PROPOSER (CODE_PRODUIT, NO_FOURNISSEUR) values ('CAS208', 2);
insert into PROPOSER (CODE_PRODUIT, NO_FOURNISSEUR) values ('CAS219', 2);
insert into PROPOSER (CODE_PRODUIT, NO_FOURNISSEUR) values ('CAD21S', 2);
insert into PROPOSER (CODE_PRODUIT, NO_FOURNISSEUR) values ('CAD201', 2);
insert into PROPOSER (CODE_PRODUIT, NO_FOURNISSEUR) values ('CAD239', 2);
insert into PROPOSER (CODE_PRODUIT, NO_FOURNISSEUR) values ('CAD21T', 2);
insert into PROPOSER (CODE_PRODUIT, NO_FOURNISSEUR) values ('CAS202', 1);
insert into PROPOSER (CODE_PRODUIT, NO_FOURNISSEUR) values ('CAS204', 1);
insert into PROPOSER (CODE_PRODUIT, NO_FOURNISSEUR) values ('CAS208', 1);
insert into PROPOSER (CODE_PRODUIT, NO_FOURNISSEUR) values ('CAS219', 1);
insert into PROPOSER (CODE_PRODUIT, NO_FOURNISSEUR) values ('CAD21S', 1);
insert into PROPOSER (CODE_PRODUIT, NO_FOURNISSEUR) values ('CAD201', 1);
insert into PROPOSER (CODE_PRODUIT, NO_FOURNISSEUR) values ('CAD239', 1);
insert into PROPOSER (CODE_PRODUIT, NO_FOURNISSEUR) values ('CAD21T', 1);

insert into PROPOSER (CODE_PRODUIT, NO_FOURNISSEUR) values ('A15',  1);
insert into PROPOSER (CODE_PRODUIT, NO_FOURNISSEUR) values ('A16', 1);
insert into PROPOSER (CODE_PRODUIT, NO_FOURNISSEUR) values ('A14G', 1);
insert into PROPOSER (CODE_PRODUIT, NO_FOURNISSEUR) values ('A09G', 1);
insert into PROPOSER (CODE_PRODUIT, NO_FOURNISSEUR) values ('A13',  1);
insert into PROPOSER (CODE_PRODUIT, NO_FOURNISSEUR) values ('A07',  1);
insert into PROPOSER (CODE_PRODUIT, NO_FOURNISSEUR) values ('A15',  2);
insert into PROPOSER (CODE_PRODUIT, NO_FOURNISSEUR) values ('A16', 2);
insert into PROPOSER (CODE_PRODUIT, NO_FOURNISSEUR) values ('A14G', 2);
insert into PROPOSER (CODE_PRODUIT, NO_FOURNISSEUR) values ('A09G', 2);
insert into PROPOSER (CODE_PRODUIT, NO_FOURNISSEUR) values ('A13',  2);
insert into PROPOSER (CODE_PRODUIT, NO_FOURNISSEUR) values ('A07',  2);
insert into PROPOSER (CODE_PRODUIT, NO_FOURNISSEUR) values ('A15',  3);
insert into PROPOSER (CODE_PRODUIT, NO_FOURNISSEUR) values ('A16', 3);
insert into PROPOSER (CODE_PRODUIT, NO_FOURNISSEUR) values ('A14G', 3);
insert into PROPOSER (CODE_PRODUIT, NO_FOURNISSEUR) values ('A09G', 3);
insert into PROPOSER (CODE_PRODUIT, NO_FOURNISSEUR) values ('A13',  3);
insert into PROPOSER (CODE_PRODUIT, NO_FOURNISSEUR) values ('A07',  3);

insert into PROPOSER (CODE_PRODUIT, NO_FOURNISSEUR) values ('CAST70', 4);
insert into PROPOSER (CODE_PRODUIT, NO_FOURNISSEUR) values ('CAST56', 4);
insert into PROPOSER (CODE_PRODUIT, NO_FOURNISSEUR) values ('CAST57', 4);
insert into PROPOSER (CODE_PRODUIT, NO_FOURNISSEUR) values ('CAST70', 5);
insert into PROPOSER (CODE_PRODUIT, NO_FOURNISSEUR) values ('CAST56', 5);
insert into PROPOSER (CODE_PRODUIT, NO_FOURNISSEUR) values ('CAST57', 5);

insert into PROPOSER (CODE_PRODUIT, NO_FOURNISSEUR) values ('COOL02', 4);
insert into PROPOSER (CODE_PRODUIT, NO_FOURNISSEUR) values ('COOL05', 4);
insert into PROPOSER (CODE_PRODUIT, NO_FOURNISSEUR) values ('COOL10', 4);
insert into PROPOSER (CODE_PRODUIT, NO_FOURNISSEUR) values ('COOL20', 4);
insert into PROPOSER (CODE_PRODUIT, NO_FOURNISSEUR) values ('COOL02', 5);
insert into PROPOSER (CODE_PRODUIT, NO_FOURNISSEUR) values ('COOL05', 5);
insert into PROPOSER (CODE_PRODUIT, NO_FOURNISSEUR) values ('COOL10', 5);
insert into PROPOSER (CODE_PRODUIT, NO_FOURNISSEUR) values ('COOL20', 5);
insert into PROPOSER (CODE_PRODUIT, NO_FOURNISSEUR) values ('COOL02', 6);
insert into PROPOSER (CODE_PRODUIT, NO_FOURNISSEUR) values ('COOL05', 6);
insert into PROPOSER (CODE_PRODUIT, NO_FOURNISSEUR) values ('COOL10', 6);
insert into PROPOSER (CODE_PRODUIT, NO_FOURNISSEUR) values ('COOL20', 6);

insert into PROPOSER (CODE_PRODUIT, NO_FOURNISSEUR) values ('DAP15', 1);
insert into PROPOSER (CODE_PRODUIT, NO_FOURNISSEUR) values ('DAP20', 1);
insert into PROPOSER (CODE_PRODUIT, NO_FOURNISSEUR) values ('DAP40', 1);
insert into PROPOSER (CODE_PRODUIT, NO_FOURNISSEUR) values ('DAP70', 1);
insert into PROPOSER (CODE_PRODUIT, NO_FOURNISSEUR) values ('4DVX18', 1);
insert into PROPOSER (CODE_PRODUIT, NO_FOURNISSEUR) values ('4DVX37', 1);
insert into PROPOSER (CODE_PRODUIT, NO_FOURNISSEUR) values ('4DVX114', 1);
insert into PROPOSER (CODE_PRODUIT, NO_FOURNISSEUR) values ('4DVX245', 1);
insert into PROPOSER (CODE_PRODUIT, NO_FOURNISSEUR) values ('CIT05', 1);
insert into PROPOSER (CODE_PRODUIT, NO_FOURNISSEUR) values ('CIT15', 1);
insert into PROPOSER (CODE_PRODUIT, NO_FOURNISSEUR) values ('CIT20', 1);
insert into PROPOSER (CODE_PRODUIT, NO_FOURNISSEUR) values ('CIT27', 1);
insert into PROPOSER (CODE_PRODUIT, NO_FOURNISSEUR) values ('CIT05', 4);
insert into PROPOSER (CODE_PRODUIT, NO_FOURNISSEUR) values ('CIT15', 4);
insert into PROPOSER (CODE_PRODUIT, NO_FOURNISSEUR) values ('CIT20', 4);
insert into PROPOSER (CODE_PRODUIT, NO_FOURNISSEUR) values ('CIT27', 4);


insert into PROPOSER (CODE_PRODUIT, NO_FOURNISSEUR) values ('PRF33',  11);
insert into PROPOSER (CODE_PRODUIT, NO_FOURNISSEUR) values ('PRF43',  11);
insert into PROPOSER (CODE_PRODUIT, NO_FOURNISSEUR) values ('PRF63',  11);
insert into PROPOSER (CODE_PRODUIT, NO_FOURNISSEUR) values ('PPB43C',  11);
insert into PROPOSER (CODE_PRODUIT, NO_FOURNISSEUR) values ('PPB32C',  11);
insert into PROPOSER (CODE_PRODUIT, NO_FOURNISSEUR) values ('CG1B',   11);
insert into PROPOSER (CODE_PRODUIT, NO_FOURNISSEUR) values ('CG6B',   11);
insert into PROPOSER (CODE_PRODUIT, NO_FOURNISSEUR) values ('PRF33',  12);
insert into PROPOSER (CODE_PRODUIT, NO_FOURNISSEUR) values ('PRF43',  12);
insert into PROPOSER (CODE_PRODUIT, NO_FOURNISSEUR) values ('PRF63',  12);
insert into PROPOSER (CODE_PRODUIT, NO_FOURNISSEUR) values ('PPB43C',  12);
insert into PROPOSER (CODE_PRODUIT, NO_FOURNISSEUR) values ('PPB32C',  12);
insert into PROPOSER (CODE_PRODUIT, NO_FOURNISSEUR) values ('CG1B',   12);
insert into PROPOSER (CODE_PRODUIT, NO_FOURNISSEUR) values ('CG6B',   12);


insert into PROPOSER (CODE_PRODUIT, NO_FOURNISSEUR) values ('PLAK7',  2);
insert into PROPOSER (CODE_PRODUIT, NO_FOURNISSEUR) values ('PLAK1511',  2);
insert into PROPOSER (CODE_PRODUIT, NO_FOURNISSEUR) values ('PLAK1919',  2);
insert into PROPOSER (CODE_PRODUIT, NO_FOURNISSEUR) values ('PLAK1',  2);
insert into PROPOSER (CODE_PRODUIT, NO_FOURNISSEUR) values ('PLAK3',  2);
insert into PROPOSER (CODE_PRODUIT, NO_FOURNISSEUR) values ('PLAK7',  3);
insert into PROPOSER (CODE_PRODUIT, NO_FOURNISSEUR) values ('PLAK1511',  3);
insert into PROPOSER (CODE_PRODUIT, NO_FOURNISSEUR) values ('PLAK1919',  3);
insert into PROPOSER (CODE_PRODUIT, NO_FOURNISSEUR) values ('PLAK1',  3);
insert into PROPOSER (CODE_PRODUIT, NO_FOURNISSEUR) values ('PLAK3',  3);


insert into PROPOSER (CODE_PRODUIT, NO_FOURNISSEUR) values ('MCFGL01',  16);
insert into PROPOSER (CODE_PRODUIT, NO_FOURNISSEUR) values ('BLUR05R',  16);
insert into PROPOSER (CODE_PRODUIT, NO_FOURNISSEUR) values ('MCFGL01',  17);
insert into PROPOSER (CODE_PRODUIT, NO_FOURNISSEUR) values ('BLUR05R',  17);
insert into PROPOSER (CODE_PRODUIT, NO_FOURNISSEUR) values ('MCFGL01',  18);
insert into PROPOSER (CODE_PRODUIT, NO_FOURNISSEUR) values ('BLUR05R',  18);
insert into PROPOSER (CODE_PRODUIT, NO_FOURNISSEUR) values ('MCFGL01',  19);
insert into PROPOSER (CODE_PRODUIT, NO_FOURNISSEUR) values ('BLUR05R',  19);


insert into PROPOSER (CODE_PRODUIT, NO_FOURNISSEUR) values ('ADP23', 17);
insert into PROPOSER (CODE_PRODUIT, NO_FOURNISSEUR) values ('ADP25', 17);
insert into PROPOSER (CODE_PRODUIT, NO_FOURNISSEUR) values ('ADP26', 17);
insert into PROPOSER (CODE_PRODUIT, NO_FOURNISSEUR) values ('AD50R', 17);
insert into PROPOSER (CODE_PRODUIT, NO_FOURNISSEUR) values ('AD50J', 17);
insert into PROPOSER (CODE_PRODUIT, NO_FOURNISSEUR) values ('AD50V', 17);
insert into PROPOSER (CODE_PRODUIT, NO_FOURNISSEUR) values ('AD50B', 17);
insert into PROPOSER (CODE_PRODUIT, NO_FOURNISSEUR) values ('AD50O', 17);
insert into PROPOSER (CODE_PRODUIT, NO_FOURNISSEUR) values ('AD50N', 17);
insert into PROPOSER (CODE_PRODUIT, NO_FOURNISSEUR) values ('ADP23', 18);
insert into PROPOSER (CODE_PRODUIT, NO_FOURNISSEUR) values ('ADP25', 18);
insert into PROPOSER (CODE_PRODUIT, NO_FOURNISSEUR) values ('ADP26', 18);
insert into PROPOSER (CODE_PRODUIT, NO_FOURNISSEUR) values ('AD50R', 18);
insert into PROPOSER (CODE_PRODUIT, NO_FOURNISSEUR) values ('AD50J', 18);
insert into PROPOSER (CODE_PRODUIT, NO_FOURNISSEUR) values ('AD50V', 18);
insert into PROPOSER (CODE_PRODUIT, NO_FOURNISSEUR) values ('AD50B', 18);
insert into PROPOSER (CODE_PRODUIT, NO_FOURNISSEUR) values ('AD50O', 18);
insert into PROPOSER (CODE_PRODUIT, NO_FOURNISSEUR) values ('AD50N', 18);


insert into PROPOSER (CODE_PRODUIT, NO_FOURNISSEUR) values ('1005NL', 16);
insert into PROPOSER (CODE_PRODUIT, NO_FOURNISSEUR) values ('SCEL1', 16);
insert into PROPOSER (CODE_PRODUIT, NO_FOURNISSEUR) values ('EZLOC16', 16);
insert into PROPOSER (CODE_PRODUIT, NO_FOURNISSEUR) values ('SCF7000', 16);
insert into PROPOSER (CODE_PRODUIT, NO_FOURNISSEUR) values ('1005NL', 17);
insert into PROPOSER (CODE_PRODUIT, NO_FOURNISSEUR) values ('SCEL1', 17);
insert into PROPOSER (CODE_PRODUIT, NO_FOURNISSEUR) values ('EZLOC16', 17);
insert into PROPOSER (CODE_PRODUIT, NO_FOURNISSEUR) values ('SCF7000', 17);
insert into PROPOSER (CODE_PRODUIT, NO_FOURNISSEUR) values ('1005NL', 19);
insert into PROPOSER (CODE_PRODUIT, NO_FOURNISSEUR) values ('SCEL1', 19);
insert into PROPOSER (CODE_PRODUIT, NO_FOURNISSEUR) values ('EZLOC16', 19);
insert into PROPOSER (CODE_PRODUIT, NO_FOURNISSEUR) values ('SCF7000', 19);


insert into PROPOSER (CODE_PRODUIT, NO_FOURNISSEUR) values ('PE30',  11);
insert into PROPOSER (CODE_PRODUIT, NO_FOURNISSEUR) values ('PE12',  11);
insert into PROPOSER (CODE_PRODUIT, NO_FOURNISSEUR) values ('PE19',  11);
insert into PROPOSER (CODE_PRODUIT, NO_FOURNISSEUR) values ('PE40',  11);
insert into PROPOSER (CODE_PRODUIT, NO_FOURNISSEUR) values ('PE55',  11);

insert into PROPOSER (CODE_PRODUIT, NO_FOURNISSEUR) values ('20030', 12);
insert into PROPOSER (CODE_PRODUIT, NO_FOURNISSEUR) values ('20012', 12);
insert into PROPOSER (CODE_PRODUIT, NO_FOURNISSEUR) values ('20019', 12);
insert into PROPOSER (CODE_PRODUIT, NO_FOURNISSEUR) values ('20040', 12);
insert into PROPOSER (CODE_PRODUIT, NO_FOURNISSEUR) values ('20055', 12);

insert into PROPOSER (CODE_PRODUIT, NO_FOURNISSEUR) values ('TOR30', 12);
insert into PROPOSER (CODE_PRODUIT, NO_FOURNISSEUR) values ('TOR12', 12);
insert into PROPOSER (CODE_PRODUIT, NO_FOURNISSEUR) values ('TOR19', 12);
insert into PROPOSER (CODE_PRODUIT, NO_FOURNISSEUR) values ('TOR40', 12);
insert into PROPOSER (CODE_PRODUIT, NO_FOURNISSEUR) values ('TOR55', 12);

insert into PROPOSER (CODE_PRODUIT, NO_FOURNISSEUR) values ('BET26N', 1);
insert into PROPOSER (CODE_PRODUIT, NO_FOURNISSEUR) values ('BFT140', 1);
insert into PROPOSER (CODE_PRODUIT, NO_FOURNISSEUR) values ('BET15N', 1);
insert into PROPOSER (CODE_PRODUIT, NO_FOURNISSEUR) values ('BET26N', 5);
insert into PROPOSER (CODE_PRODUIT, NO_FOURNISSEUR) values ('BFT140', 5);
insert into PROPOSER (CODE_PRODUIT, NO_FOURNISSEUR) values ('BET15N', 5);


insert into PROPOSER (CODE_PRODUIT, NO_FOURNISSEUR) values ('PAL5', 13);
insert into PROPOSER (CODE_PRODUIT, NO_FOURNISSEUR) values ('PAL3', 13);
insert into PROPOSER (CODE_PRODUIT, NO_FOURNISSEUR) values ('PAL4', 13);
insert into PROPOSER (CODE_PRODUIT, NO_FOURNISSEUR) values ('PAL5', 14);
insert into PROPOSER (CODE_PRODUIT, NO_FOURNISSEUR) values ('PAL3', 14);
insert into PROPOSER (CODE_PRODUIT, NO_FOURNISSEUR) values ('PAL4', 14);
insert into PROPOSER (CODE_PRODUIT, NO_FOURNISSEUR) values ('PAL5', 15);
insert into PROPOSER (CODE_PRODUIT, NO_FOURNISSEUR) values ('PAL3', 15);
insert into PROPOSER (CODE_PRODUIT, NO_FOURNISSEUR) values ('PAL4', 15);

insert into PROPOSER (CODE_PRODUIT, NO_FOURNISSEUR) values ('CLIC40', 1);
insert into PROPOSER (CODE_PRODUIT, NO_FOURNISSEUR) values ('CLIC60', 1);
insert into PROPOSER (CODE_PRODUIT, NO_FOURNISSEUR) values ('CLIC40', 2);
insert into PROPOSER (CODE_PRODUIT, NO_FOURNISSEUR) values ('CLIC60', 2);
insert into PROPOSER (CODE_PRODUIT, NO_FOURNISSEUR) values ('CLIC40', 4);
insert into PROPOSER (CODE_PRODUIT, NO_FOURNISSEUR) values ('CLIC60', 4);



-- ====================
-- Données table ACHAT
-- ====================
-- achats 2018 - semestre 1

insert into ACHAT (NO_ACHAT, NO_FOURNISSEUR, DATE_ACHAT, COMMENT_ACHAT) values (18101, 16, '2018-01-15', null);
insert into ACHAT (NO_ACHAT, NO_FOURNISSEUR, DATE_ACHAT, COMMENT_ACHAT) values (18102, 14, '2018-01-22', null);
insert into ACHAT (NO_ACHAT, NO_FOURNISSEUR, DATE_ACHAT, COMMENT_ACHAT) values (18103, 3, '2018-02-02', null);
insert into ACHAT (NO_ACHAT, NO_FOURNISSEUR, DATE_ACHAT, COMMENT_ACHAT) values (18104, 2, '2018-03-13', null);
insert into ACHAT (NO_ACHAT, NO_FOURNISSEUR, DATE_ACHAT, COMMENT_ACHAT) values (18105, 5, '2018-03-16', null);
insert into ACHAT (NO_ACHAT, NO_FOURNISSEUR, DATE_ACHAT, COMMENT_ACHAT) values (18106, 12, '2018-04-15', null);
insert into ACHAT (NO_ACHAT, NO_FOURNISSEUR, DATE_ACHAT, COMMENT_ACHAT) values (18107, 8, '2018-04-20', 'Reassort - fêtes');
insert into ACHAT (NO_ACHAT, NO_FOURNISSEUR, DATE_ACHAT, COMMENT_ACHAT) values (18108, 2, '2018-04-20', 'Reassort - fêtes');
insert into ACHAT (NO_ACHAT, NO_FOURNISSEUR, DATE_ACHAT, COMMENT_ACHAT) values (18109, 11, '2018-05-14', null);
insert into ACHAT (NO_ACHAT, NO_FOURNISSEUR, DATE_ACHAT, COMMENT_ACHAT) values (18110, 15, '2018-05-14', null);
insert into ACHAT (NO_ACHAT, NO_FOURNISSEUR, DATE_ACHAT, COMMENT_ACHAT) values (18111, 13, '2018-05-20', null);
insert into ACHAT (NO_ACHAT, NO_FOURNISSEUR, DATE_ACHAT, COMMENT_ACHAT) values (18112, 14, '2018-06-03', null);
insert into ACHAT (NO_ACHAT, NO_FOURNISSEUR, DATE_ACHAT, COMMENT_ACHAT) values (18113, 5, '2018-06-04', null);
insert into ACHAT (NO_ACHAT, NO_FOURNISSEUR, DATE_ACHAT, COMMENT_ACHAT) values (18114, 18, '2018-06-10', null);
insert into ACHAT (NO_ACHAT, NO_FOURNISSEUR, DATE_ACHAT, COMMENT_ACHAT) values (18115, 2, '2018-06-10', null);
insert into ACHAT (NO_ACHAT, NO_FOURNISSEUR, DATE_ACHAT, COMMENT_ACHAT) values (18116, 19, '2018-06-13', null);


-- achats 2018 - semestre 2

insert into ACHAT (NO_ACHAT, NO_FOURNISSEUR, DATE_ACHAT, COMMENT_ACHAT) values (18201, 18, '2018-07-05', null);
insert into ACHAT (NO_ACHAT, NO_FOURNISSEUR, DATE_ACHAT, COMMENT_ACHAT) values (18202, 16, '2018-08-10', 'Réassort urgent');
insert into ACHAT (NO_ACHAT, NO_FOURNISSEUR, DATE_ACHAT, COMMENT_ACHAT) values (18203, 1, '2018-08-25', null);
insert into ACHAT (NO_ACHAT, NO_FOURNISSEUR, DATE_ACHAT, COMMENT_ACHAT) values (18204, 5, '2018-09-03', null);
insert into ACHAT (NO_ACHAT, NO_FOURNISSEUR, DATE_ACHAT, COMMENT_ACHAT) values (18205, 6, '2018-09-03', null);
insert into ACHAT (NO_ACHAT, NO_FOURNISSEUR, DATE_ACHAT, COMMENT_ACHAT) values (18206, 11, '2018-09-15', null);
insert into ACHAT (NO_ACHAT, NO_FOURNISSEUR, DATE_ACHAT, COMMENT_ACHAT) values (18207, 6, '2018-09-20', null);
insert into ACHAT (NO_ACHAT, NO_FOURNISSEUR, DATE_ACHAT, COMMENT_ACHAT) values (18208, 12, '2018-09-20', null);
insert into ACHAT (NO_ACHAT, NO_FOURNISSEUR, DATE_ACHAT, COMMENT_ACHAT) values (18209, 11, '2018-10-04', 'Prévision cdes urgentes');
insert into ACHAT (NO_ACHAT, NO_FOURNISSEUR, DATE_ACHAT, COMMENT_ACHAT) values (18210, 13, '2018-10-04', null);
insert into ACHAT (NO_ACHAT, NO_FOURNISSEUR, DATE_ACHAT, COMMENT_ACHAT) values (18211, 17, '2018-10-04', null);
insert into ACHAT (NO_ACHAT, NO_FOURNISSEUR, DATE_ACHAT, COMMENT_ACHAT) values (18212, 18, '2018-10-06', null);
insert into ACHAT (NO_ACHAT, NO_FOURNISSEUR, DATE_ACHAT, COMMENT_ACHAT) values (18213, 5, '2018-10-10', null);
insert into ACHAT (NO_ACHAT, NO_FOURNISSEUR, DATE_ACHAT, COMMENT_ACHAT) values (18214, 3, '2018-10-10', null);
insert into ACHAT (NO_ACHAT, NO_FOURNISSEUR, DATE_ACHAT, COMMENT_ACHAT) values (18215, 18, '2018-10-10', null);
insert into ACHAT (NO_ACHAT, NO_FOURNISSEUR, DATE_ACHAT, COMMENT_ACHAT) values (18216, 19, '2018-11-05', 'Préparation Black Friday');
insert into ACHAT (NO_ACHAT, NO_FOURNISSEUR, DATE_ACHAT, COMMENT_ACHAT) values (18217, 7, '2018-11-05', 'Préparation Black Friday');
insert into ACHAT (NO_ACHAT, NO_FOURNISSEUR, DATE_ACHAT, COMMENT_ACHAT) values (18218, 10, '2018-11-05', 'Préparation Black Friday');
insert into ACHAT (NO_ACHAT, NO_FOURNISSEUR, DATE_ACHAT, COMMENT_ACHAT) values (18219, 10, '2018-11-05', 'Préparation Black Friday');
insert into ACHAT (NO_ACHAT, NO_FOURNISSEUR, DATE_ACHAT, COMMENT_ACHAT) values (18220, 11, '2018-11-22', null);

commit;


-- ===========================
-- Données table DETAIL_ACHAT
-- ===========================
-- achats 2018 - semestre 1

insert into DETAIL_ACHAT (CODE_PRODUIT, NO_ACHAT, QUANTITE_ACHAT) values ('1005NL', 18101, 3000);
insert into DETAIL_ACHAT (CODE_PRODUIT, NO_ACHAT, QUANTITE_ACHAT) values ('EZLOC16', 18101, 200);
insert into DETAIL_ACHAT (CODE_PRODUIT, NO_ACHAT, QUANTITE_ACHAT) values ('SCF7000', 18101, 200);
insert into DETAIL_ACHAT (CODE_PRODUIT, NO_ACHAT, QUANTITE_ACHAT) values ('MCFGL01', 18101, 100);
insert into DETAIL_ACHAT (CODE_PRODUIT, NO_ACHAT, QUANTITE_ACHAT) values ('BLUR05R', 18101, 50);

insert into DETAIL_ACHAT (CODE_PRODUIT, NO_ACHAT, QUANTITE_ACHAT)values ('PAL5', 18102, 100);
insert into DETAIL_ACHAT (CODE_PRODUIT, NO_ACHAT, QUANTITE_ACHAT)values ('PAL4', 18102, 60);

insert into DETAIL_ACHAT (CODE_PRODUIT, NO_ACHAT, QUANTITE_ACHAT)values ('CAD17', 18103, 60);
insert into DETAIL_ACHAT (CODE_PRODUIT, NO_ACHAT, QUANTITE_ACHAT)values ('CAD21', 18103, 40);
insert into DETAIL_ACHAT (CODE_PRODUIT, NO_ACHAT, QUANTITE_ACHAT)values ('CAD21A', 18103, 30);
insert into DETAIL_ACHAT (CODE_PRODUIT, NO_ACHAT, QUANTITE_ACHAT)values ('CAS67', 18103, 100);

insert into DETAIL_ACHAT (CODE_PRODUIT, NO_ACHAT, QUANTITE_ACHAT)values ('CAS67B', 18104, 100);
insert into DETAIL_ACHAT (CODE_PRODUIT, NO_ACHAT, QUANTITE_ACHAT)values ('CAS67', 18104, 100);
insert into DETAIL_ACHAT (CODE_PRODUIT, NO_ACHAT, QUANTITE_ACHAT)values ('CAS58', 18104, 200);
insert into DETAIL_ACHAT (CODE_PRODUIT, NO_ACHAT, QUANTITE_ACHAT)values ('CAD239', 18104, 100);

commit;

insert into DETAIL_ACHAT (CODE_PRODUIT, NO_ACHAT, QUANTITE_ACHAT)values ('CAD22', 18105, 50);
insert into DETAIL_ACHAT (CODE_PRODUIT, NO_ACHAT, QUANTITE_ACHAT)values ('CAD28', 18105, 50);
insert into DETAIL_ACHAT (CODE_PRODUIT, NO_ACHAT, QUANTITE_ACHAT)values ('CAD30', 18105, 100);
insert into DETAIL_ACHAT (CODE_PRODUIT, NO_ACHAT, QUANTITE_ACHAT)values ('CAT18', 18105, 100);
insert into DETAIL_ACHAT (CODE_PRODUIT, NO_ACHAT, QUANTITE_ACHAT)values ('CAT24', 18105, 50);
insert into DETAIL_ACHAT (CODE_PRODUIT, NO_ACHAT, QUANTITE_ACHAT)values ('CAT80', 18105, 30);

insert into DETAIL_ACHAT (CODE_PRODUIT, NO_ACHAT, QUANTITE_ACHAT)values ('PRF33', 18106, 300);
insert into DETAIL_ACHAT (CODE_PRODUIT, NO_ACHAT, QUANTITE_ACHAT)values ('PRF43', 18106, 500);
insert into DETAIL_ACHAT (CODE_PRODUIT, NO_ACHAT, QUANTITE_ACHAT)values ('PRF63', 18106, 200);

insert into DETAIL_ACHAT (CODE_PRODUIT, NO_ACHAT, QUANTITE_ACHAT)values ('PPB32C', 18107, 1000);
insert into DETAIL_ACHAT (CODE_PRODUIT, NO_ACHAT, QUANTITE_ACHAT)values ('PPB43C', 18107, 1000);
insert into DETAIL_ACHAT (CODE_PRODUIT, NO_ACHAT, QUANTITE_ACHAT)values ('CG6B', 18107, 20);
insert into DETAIL_ACHAT (CODE_PRODUIT, NO_ACHAT, QUANTITE_ACHAT)values ('CG1B', 18107, 50);

insert into DETAIL_ACHAT (CODE_PRODUIT, NO_ACHAT, QUANTITE_ACHAT)values ('CAST70', 18108, 200);
insert into DETAIL_ACHAT (CODE_PRODUIT, NO_ACHAT, QUANTITE_ACHAT)values ('CAST56', 18108, 200);
insert into DETAIL_ACHAT (CODE_PRODUIT, NO_ACHAT, QUANTITE_ACHAT)values ('CAST57', 18108, 100);

insert into DETAIL_ACHAT (CODE_PRODUIT, NO_ACHAT, QUANTITE_ACHAT)values ('PRF33', 18109, 500);
insert into DETAIL_ACHAT (CODE_PRODUIT, NO_ACHAT, QUANTITE_ACHAT)values ('PRF43', 18109, 300);

insert into DETAIL_ACHAT (CODE_PRODUIT, NO_ACHAT, QUANTITE_ACHAT)values ('PAL3', 18110, 200);
insert into DETAIL_ACHAT (CODE_PRODUIT, NO_ACHAT, QUANTITE_ACHAT)values ('CLIC40', 18110, 50);
insert into DETAIL_ACHAT (CODE_PRODUIT, NO_ACHAT, QUANTITE_ACHAT)values ('CLIC60', 18110, 40);

commit;

insert into DETAIL_ACHAT (CODE_PRODUIT, NO_ACHAT, QUANTITE_ACHAT)values ('CLIC40', 18111, 50);

insert into DETAIL_ACHAT (CODE_PRODUIT, NO_ACHAT, QUANTITE_ACHAT)values ('PAL3', 18112, 100);

insert into DETAIL_ACHAT (CODE_PRODUIT, NO_ACHAT, QUANTITE_ACHAT)values ('CIT05', 18113, 50);
insert into DETAIL_ACHAT (CODE_PRODUIT, NO_ACHAT, QUANTITE_ACHAT)values ('CIT15', 18113, 50);
insert into DETAIL_ACHAT (CODE_PRODUIT, NO_ACHAT, QUANTITE_ACHAT)values ('CIT27', 18113, 100);

insert into DETAIL_ACHAT (CODE_PRODUIT, NO_ACHAT, QUANTITE_ACHAT)values ('PLAK7', 18114, 50);
insert into DETAIL_ACHAT (CODE_PRODUIT, NO_ACHAT, QUANTITE_ACHAT)values ('PLAK1511', 18114, 50);
insert into DETAIL_ACHAT (CODE_PRODUIT, NO_ACHAT, QUANTITE_ACHAT)values ('BLUR05R', 18114, 100);
insert into DETAIL_ACHAT (CODE_PRODUIT, NO_ACHAT, QUANTITE_ACHAT)values ('MCFGL01', 18114, 100);

insert into DETAIL_ACHAT (CODE_PRODUIT, NO_ACHAT, QUANTITE_ACHAT)values ('ADP23', 18115, 100);
insert into DETAIL_ACHAT (CODE_PRODUIT, NO_ACHAT, QUANTITE_ACHAT)values ('AD50R', 18115, 50);
insert into DETAIL_ACHAT (CODE_PRODUIT, NO_ACHAT, QUANTITE_ACHAT)values ('AD50J', 18115, 50);
insert into DETAIL_ACHAT (CODE_PRODUIT, NO_ACHAT, QUANTITE_ACHAT)values ('AD50V', 18115, 50);
insert into DETAIL_ACHAT (CODE_PRODUIT, NO_ACHAT, QUANTITE_ACHAT)values ('AD50B', 18115, 50);
insert into DETAIL_ACHAT (CODE_PRODUIT, NO_ACHAT, QUANTITE_ACHAT)values ('AD50O', 18115, 50);
insert into DETAIL_ACHAT (CODE_PRODUIT, NO_ACHAT, QUANTITE_ACHAT)values ('AD50N', 18115, 50);

insert into DETAIL_ACHAT (CODE_PRODUIT, NO_ACHAT, QUANTITE_ACHAT)values ('ADP25', 18116, 100);
insert into DETAIL_ACHAT (CODE_PRODUIT, NO_ACHAT, QUANTITE_ACHAT)values ('ADP26', 18116, 100);
insert into DETAIL_ACHAT (CODE_PRODUIT, NO_ACHAT, QUANTITE_ACHAT)values ('PLAK1919', 18116, 200);
insert into DETAIL_ACHAT (CODE_PRODUIT, NO_ACHAT, QUANTITE_ACHAT)values ('PLAK1', 18116, 200);
insert into DETAIL_ACHAT (CODE_PRODUIT, NO_ACHAT, QUANTITE_ACHAT)values ('PLAK3', 18116, 200);

commit;


-- achats 2018 - semestre 2

insert into DETAIL_ACHAT (CODE_PRODUIT, NO_ACHAT, QUANTITE_ACHAT) values ('1005NL', 18201, 800);
insert into DETAIL_ACHAT (CODE_PRODUIT, NO_ACHAT, QUANTITE_ACHAT) values ('EZLOC16', 18201, 100);
insert into DETAIL_ACHAT (CODE_PRODUIT, NO_ACHAT, QUANTITE_ACHAT) values ('MCFGL01', 18201, 50);
insert into DETAIL_ACHAT (CODE_PRODUIT, NO_ACHAT, QUANTITE_ACHAT) values ('BLUR05R', 18201, 50);

insert into DETAIL_ACHAT (CODE_PRODUIT, NO_ACHAT, QUANTITE_ACHAT)values ('PAL5', 18202, 100);
insert into DETAIL_ACHAT (CODE_PRODUIT, NO_ACHAT, QUANTITE_ACHAT)values ('PAL4', 18202, 100);

insert into DETAIL_ACHAT (CODE_PRODUIT, NO_ACHAT, QUANTITE_ACHAT)values ('CAD22', 18203, 80);
insert into DETAIL_ACHAT (CODE_PRODUIT, NO_ACHAT, QUANTITE_ACHAT)values ('CAD28', 18203, 40);
insert into DETAIL_ACHAT (CODE_PRODUIT, NO_ACHAT, QUANTITE_ACHAT)values ('CAD30', 18203, 40);
insert into DETAIL_ACHAT (CODE_PRODUIT, NO_ACHAT, QUANTITE_ACHAT)values ('CAS67', 18203, 100);

insert into DETAIL_ACHAT (CODE_PRODUIT, NO_ACHAT, QUANTITE_ACHAT)values ('COOL02', 18204, 100);
insert into DETAIL_ACHAT (CODE_PRODUIT, NO_ACHAT, QUANTITE_ACHAT)values ('COOL05', 18204, 100);
insert into DETAIL_ACHAT (CODE_PRODUIT, NO_ACHAT, QUANTITE_ACHAT)values ('COOL10', 18204, 200);
insert into DETAIL_ACHAT (CODE_PRODUIT, NO_ACHAT, QUANTITE_ACHAT)values ('COOL20', 18204, 100);

commit;

insert into DETAIL_ACHAT (CODE_PRODUIT, NO_ACHAT, QUANTITE_ACHAT)values ('CAD17', 18205, 60);
insert into DETAIL_ACHAT (CODE_PRODUIT, NO_ACHAT, QUANTITE_ACHAT)values ('CAD28', 18205, 100);
insert into DETAIL_ACHAT (CODE_PRODUIT, NO_ACHAT, QUANTITE_ACHAT)values ('CAD21B', 18205, 200);
insert into DETAIL_ACHAT (CODE_PRODUIT, NO_ACHAT, QUANTITE_ACHAT)values ('CAT18', 18205, 200);
insert into DETAIL_ACHAT (CODE_PRODUIT, NO_ACHAT, QUANTITE_ACHAT)values ('CFA210', 18205, 100);
insert into DETAIL_ACHAT (CODE_PRODUIT, NO_ACHAT, QUANTITE_ACHAT)values ('CFA280', 18205, 60);
insert into DETAIL_ACHAT (CODE_PRODUIT, NO_ACHAT, QUANTITE_ACHAT)values ('CAS15', 18205, 100);
insert into DETAIL_ACHAT (CODE_PRODUIT, NO_ACHAT, QUANTITE_ACHAT)values ('CAT22', 18205, 150);
insert into DETAIL_ACHAT (CODE_PRODUIT, NO_ACHAT, QUANTITE_ACHAT)values ('CAT24', 18205, 100);

insert into DETAIL_ACHAT (CODE_PRODUIT, NO_ACHAT, QUANTITE_ACHAT)values ('PPB32C', 18206, 1000);
insert into DETAIL_ACHAT (CODE_PRODUIT, NO_ACHAT, QUANTITE_ACHAT)values ('PPB43C', 18206, 500);
insert into DETAIL_ACHAT (CODE_PRODUIT, NO_ACHAT, QUANTITE_ACHAT)values ('PRF43', 18206, 200);
insert into DETAIL_ACHAT (CODE_PRODUIT, NO_ACHAT, QUANTITE_ACHAT)values ('PRF33', 18206, 200);

insert into DETAIL_ACHAT (CODE_PRODUIT, NO_ACHAT, QUANTITE_ACHAT)values ('PPB32C', 18207, 1000);
insert into DETAIL_ACHAT (CODE_PRODUIT, NO_ACHAT, QUANTITE_ACHAT)values ('PPB43C', 18207, 1000);
insert into DETAIL_ACHAT (CODE_PRODUIT, NO_ACHAT, QUANTITE_ACHAT)values ('CG6B', 18207, 20);
insert into DETAIL_ACHAT (CODE_PRODUIT, NO_ACHAT, QUANTITE_ACHAT)values ('CG1B', 18207, 50);

insert into DETAIL_ACHAT (CODE_PRODUIT, NO_ACHAT, QUANTITE_ACHAT)values ('CAST70', 18208, 300);
insert into DETAIL_ACHAT (CODE_PRODUIT, NO_ACHAT, QUANTITE_ACHAT)values ('CAST56', 18208, 300);
insert into DETAIL_ACHAT (CODE_PRODUIT, NO_ACHAT, QUANTITE_ACHAT)values ('CAST57', 18208, 100);

insert into DETAIL_ACHAT (CODE_PRODUIT, NO_ACHAT, QUANTITE_ACHAT)values ('PRF33', 18209, 500);
insert into DETAIL_ACHAT (CODE_PRODUIT, NO_ACHAT, QUANTITE_ACHAT)values ('PRF43', 18209, 300);

insert into DETAIL_ACHAT (CODE_PRODUIT, NO_ACHAT, QUANTITE_ACHAT)values ('PAL3', 18210, 200);
insert into DETAIL_ACHAT (CODE_PRODUIT, NO_ACHAT, QUANTITE_ACHAT)values ('CLIC40', 18210, 50);
insert into DETAIL_ACHAT (CODE_PRODUIT, NO_ACHAT, QUANTITE_ACHAT)values ('CLIC60', 18210, 40);

commit;

insert into DETAIL_ACHAT (CODE_PRODUIT, NO_ACHAT, QUANTITE_ACHAT)values ('CLIC40', 18211, 50);

insert into DETAIL_ACHAT (CODE_PRODUIT, NO_ACHAT, QUANTITE_ACHAT)values ('PAL3', 18212, 100);

insert into DETAIL_ACHAT (CODE_PRODUIT, NO_ACHAT, QUANTITE_ACHAT)values ('CIT05', 18213, 50);
insert into DETAIL_ACHAT (CODE_PRODUIT, NO_ACHAT, QUANTITE_ACHAT)values ('CIT15', 18213, 50);
insert into DETAIL_ACHAT (CODE_PRODUIT, NO_ACHAT, QUANTITE_ACHAT)values ('CIT27', 18213, 100);
insert into DETAIL_ACHAT (CODE_PRODUIT, NO_ACHAT, QUANTITE_ACHAT)values ('4DVX18', 18213, 50);
insert into DETAIL_ACHAT (CODE_PRODUIT, NO_ACHAT, QUANTITE_ACHAT)values ('4DVX114', 18213, 50);
insert into DETAIL_ACHAT (CODE_PRODUIT, NO_ACHAT, QUANTITE_ACHAT)values ('4DVX245', 18213, 100);

insert into DETAIL_ACHAT (CODE_PRODUIT, NO_ACHAT, QUANTITE_ACHAT)values ('PLAK7', 18214, 50);
insert into DETAIL_ACHAT (CODE_PRODUIT, NO_ACHAT, QUANTITE_ACHAT)values ('PLAK1919', 18214, 50);
insert into DETAIL_ACHAT (CODE_PRODUIT, NO_ACHAT, QUANTITE_ACHAT)values ('PLAK1', 18214, 100);
insert into DETAIL_ACHAT (CODE_PRODUIT, NO_ACHAT, QUANTITE_ACHAT)values ('PLAK3', 18214, 100);

insert into DETAIL_ACHAT (CODE_PRODUIT, NO_ACHAT, QUANTITE_ACHAT)values ('ADP23', 18215, 100);
insert into DETAIL_ACHAT (CODE_PRODUIT, NO_ACHAT, QUANTITE_ACHAT)values ('AD50R', 18215, 50);
insert into DETAIL_ACHAT (CODE_PRODUIT, NO_ACHAT, QUANTITE_ACHAT)values ('AD50J', 18215, 50);
insert into DETAIL_ACHAT (CODE_PRODUIT, NO_ACHAT, QUANTITE_ACHAT)values ('AD50V', 18215, 50);
insert into DETAIL_ACHAT (CODE_PRODUIT, NO_ACHAT, QUANTITE_ACHAT)values ('AD50B', 18215, 50);
insert into DETAIL_ACHAT (CODE_PRODUIT, NO_ACHAT, QUANTITE_ACHAT)values ('AD50O', 18215, 50);
insert into DETAIL_ACHAT (CODE_PRODUIT, NO_ACHAT, QUANTITE_ACHAT)values ('AD50N', 18215, 50);

insert into DETAIL_ACHAT (CODE_PRODUIT, NO_ACHAT, QUANTITE_ACHAT)values ('ADP25', 18216, 100);
insert into DETAIL_ACHAT (CODE_PRODUIT, NO_ACHAT, QUANTITE_ACHAT)values ('ADP26', 18216, 100);
insert into DETAIL_ACHAT (CODE_PRODUIT, NO_ACHAT, QUANTITE_ACHAT)values ('PLAK1919', 18216, 200);
insert into DETAIL_ACHAT (CODE_PRODUIT, NO_ACHAT, QUANTITE_ACHAT)values ('PLAK1', 18216, 200);
insert into DETAIL_ACHAT (CODE_PRODUIT, NO_ACHAT, QUANTITE_ACHAT)values ('PLAK3', 18216, 200);

commit;

insert into DETAIL_ACHAT (CODE_PRODUIT, NO_ACHAT, QUANTITE_ACHAT)values ('BFT140', 18217, 200);
insert into DETAIL_ACHAT (CODE_PRODUIT, NO_ACHAT, QUANTITE_ACHAT)values ('BET15N', 18217, 200);
insert into DETAIL_ACHAT (CODE_PRODUIT, NO_ACHAT, QUANTITE_ACHAT)values ('BET26N', 18217, 200);

insert into DETAIL_ACHAT (CODE_PRODUIT, NO_ACHAT, QUANTITE_ACHAT)values ('BFT140', 18218, 100);
insert into DETAIL_ACHAT (CODE_PRODUIT, NO_ACHAT, QUANTITE_ACHAT)values ('PE30', 18218, 400);
insert into DETAIL_ACHAT (CODE_PRODUIT, NO_ACHAT, QUANTITE_ACHAT)values ('PE12', 18218, 400);
insert into DETAIL_ACHAT (CODE_PRODUIT, NO_ACHAT, QUANTITE_ACHAT)values ('PE19', 18218, 400);
insert into DETAIL_ACHAT (CODE_PRODUIT, NO_ACHAT, QUANTITE_ACHAT)values ('PE40', 18218, 400);
insert into DETAIL_ACHAT (CODE_PRODUIT, NO_ACHAT, QUANTITE_ACHAT)values ('PE55', 18218, 400);

insert into DETAIL_ACHAT (CODE_PRODUIT, NO_ACHAT, QUANTITE_ACHAT)values ('SCF7000', 18219, 500);

insert into DETAIL_ACHAT (CODE_PRODUIT, NO_ACHAT, QUANTITE_ACHAT)values ('20030', 18219, 400);
insert into DETAIL_ACHAT (CODE_PRODUIT, NO_ACHAT, QUANTITE_ACHAT)values ('20012', 18219, 400);
insert into DETAIL_ACHAT (CODE_PRODUIT, NO_ACHAT, QUANTITE_ACHAT)values ('20019', 18219, 400);
insert into DETAIL_ACHAT (CODE_PRODUIT, NO_ACHAT, QUANTITE_ACHAT)values ('20040', 18219, 400);
insert into DETAIL_ACHAT (CODE_PRODUIT, NO_ACHAT, QUANTITE_ACHAT)values ('20055', 18219, 400);
insert into DETAIL_ACHAT (CODE_PRODUIT, NO_ACHAT, QUANTITE_ACHAT)values ('TOR30', 18219, 400);
insert into DETAIL_ACHAT (CODE_PRODUIT, NO_ACHAT, QUANTITE_ACHAT)values ('TOR12', 18219, 400);
insert into DETAIL_ACHAT (CODE_PRODUIT, NO_ACHAT, QUANTITE_ACHAT)values ('TOR19', 18219, 400);
insert into DETAIL_ACHAT (CODE_PRODUIT, NO_ACHAT, QUANTITE_ACHAT)values ('TOR40', 18219, 400);
insert into DETAIL_ACHAT (CODE_PRODUIT, NO_ACHAT, QUANTITE_ACHAT)values ('TOR55', 18219, 400);

commit;


-- ==========================
-- Données table LIVRAISON_F
-- ==========================
-- achats 2018 - semestre 1

insert into LIVRAISON_F (NO_LIVRAISON_F, NO_ACHAT, DATE_LIVRAISON_F) values ( 181001, 18101, '2018-01-21');
insert into LIVRAISON_F (NO_LIVRAISON_F, NO_ACHAT, DATE_LIVRAISON_F) values ( 181002, 18102, '2018-01-28');
insert into LIVRAISON_F (NO_LIVRAISON_F, NO_ACHAT, DATE_LIVRAISON_F) values ( 181003, 18103, '2018-02-08');
insert into LIVRAISON_F (NO_LIVRAISON_F, NO_ACHAT, DATE_LIVRAISON_F) values ( 181004, 18104, '2018-03-19');
insert into LIVRAISON_F (NO_LIVRAISON_F, NO_ACHAT, DATE_LIVRAISON_F) values ( 181005, 18105, '2018-03-22');
insert into LIVRAISON_F (NO_LIVRAISON_F, NO_ACHAT, DATE_LIVRAISON_F) values ( 181006, 18106, '2018-04-21');
insert into LIVRAISON_F (NO_LIVRAISON_F, NO_ACHAT, DATE_LIVRAISON_F) values ( 181007, 18107, '2018-04-26');
insert into LIVRAISON_F (NO_LIVRAISON_F, NO_ACHAT, DATE_LIVRAISON_F) values ( 181008, 18108, '2018-04-26');
insert into LIVRAISON_F (NO_LIVRAISON_F, NO_ACHAT, DATE_LIVRAISON_F) values ( 181009, 18109, '2018-05-20');
insert into LIVRAISON_F (NO_LIVRAISON_F, NO_ACHAT, DATE_LIVRAISON_F) values ( 181010, 18110, '2018-05-20');
insert into LIVRAISON_F (NO_LIVRAISON_F, NO_ACHAT, DATE_LIVRAISON_F) values ( 181011, 18111, '2018-05-26');
insert into LIVRAISON_F (NO_LIVRAISON_F, NO_ACHAT, DATE_LIVRAISON_F) values ( 181012, 18112, '2018-06-09');
insert into LIVRAISON_F (NO_LIVRAISON_F, NO_ACHAT, DATE_LIVRAISON_F) values ( 181013, 18113, '2018-06-10');
insert into LIVRAISON_F (NO_LIVRAISON_F, NO_ACHAT, DATE_LIVRAISON_F) values ( 181014, 18114, '2018-06-16');
insert into LIVRAISON_F (NO_LIVRAISON_F, NO_ACHAT, DATE_LIVRAISON_F) values ( 181015, 18115, '2018-06-16');
insert into LIVRAISON_F (NO_LIVRAISON_F, NO_ACHAT, DATE_LIVRAISON_F) values ( 181016, 18116, '2018-06-19');

commit;

-- achats 2018 - semestre 2

insert into LIVRAISON_F (NO_LIVRAISON_F, NO_ACHAT, DATE_LIVRAISON_F) values ( 182001, 18201, '2018-07-11');
insert into LIVRAISON_F (NO_LIVRAISON_F, NO_ACHAT, DATE_LIVRAISON_F) values ( 182002, 18202, '2018-08-16');
insert into LIVRAISON_F (NO_LIVRAISON_F, NO_ACHAT, DATE_LIVRAISON_F) values ( 182003, 18203, '2018-08-31');
insert into LIVRAISON_F (NO_LIVRAISON_F, NO_ACHAT, DATE_LIVRAISON_F) values ( 182004, 18204, '2018-09-09');
insert into LIVRAISON_F (NO_LIVRAISON_F, NO_ACHAT, DATE_LIVRAISON_F) values ( 182005, 18205, '2018-09-09');
insert into LIVRAISON_F (NO_LIVRAISON_F, NO_ACHAT, DATE_LIVRAISON_F) values ( 182006, 18206, '2018-09-21');
insert into LIVRAISON_F (NO_LIVRAISON_F, NO_ACHAT, DATE_LIVRAISON_F) values ( 182007, 18207, '2018-09-26');
insert into LIVRAISON_F (NO_LIVRAISON_F, NO_ACHAT, DATE_LIVRAISON_F) values ( 182008, 18208, '2018-09-26');
insert into LIVRAISON_F (NO_LIVRAISON_F, NO_ACHAT, DATE_LIVRAISON_F) values ( 182009, 18209, '2018-10-10');
insert into LIVRAISON_F (NO_LIVRAISON_F, NO_ACHAT, DATE_LIVRAISON_F) values ( 182010, 18210, '2018-10-10');
insert into LIVRAISON_F (NO_LIVRAISON_F, NO_ACHAT, DATE_LIVRAISON_F) values ( 182011, 18211, '2018-10-10');
insert into LIVRAISON_F (NO_LIVRAISON_F, NO_ACHAT, DATE_LIVRAISON_F) values ( 182012, 18212, '2018-10-12');
insert into LIVRAISON_F (NO_LIVRAISON_F, NO_ACHAT, DATE_LIVRAISON_F) values ( 182013, 18213, '2018-10-16');
insert into LIVRAISON_F (NO_LIVRAISON_F, NO_ACHAT, DATE_LIVRAISON_F) values ( 182014, 18214, '2018-10-16');
insert into LIVRAISON_F (NO_LIVRAISON_F, NO_ACHAT, DATE_LIVRAISON_F) values ( 182015, 18215, '2018-10-16');
insert into LIVRAISON_F (NO_LIVRAISON_F, NO_ACHAT, DATE_LIVRAISON_F) values ( 182016, 18216, '2018-11-11');
insert into LIVRAISON_F (NO_LIVRAISON_F, NO_ACHAT, DATE_LIVRAISON_F) values ( 182017, 18217, '2018-11-11');
insert into LIVRAISON_F (NO_LIVRAISON_F, NO_ACHAT, DATE_LIVRAISON_F) values ( 182018, 18218, '2018-11-11');
insert into LIVRAISON_F (NO_LIVRAISON_F, NO_ACHAT, DATE_LIVRAISON_F) values ( 182019, 18219, '2018-11-11');
insert into LIVRAISON_F (NO_LIVRAISON_F, NO_ACHAT, DATE_LIVRAISON_F) values ( 182020, 18220, '2018-11-28');


-- ============================
-- Données table DETAIL_LIVR_F
-- ============================

INSERT INTO DETAIL_LIVR_F values('SCF7000',181001,200);
INSERT INTO DETAIL_LIVR_F values('EZLOC16',181001,200);
INSERT INTO DETAIL_LIVR_F values('1005NL',181001,2800);
INSERT INTO DETAIL_LIVR_F values('MCFGL01',181001,100);

INSERT INTO DETAIL_LIVR_F values('PAL5',181002,100);
INSERT INTO DETAIL_LIVR_F values('PAL4',181002,60);

INSERT INTO DETAIL_LIVR_F values('CAD17',181003,60);
INSERT INTO DETAIL_LIVR_F values('CAD21',181003,40);
INSERT INTO DETAIL_LIVR_F values('CAD21A',181003,30);
INSERT INTO DETAIL_LIVR_F values('CAS67',181003,100);

INSERT INTO DETAIL_LIVR_F values('CAS58',181004,200);
INSERT INTO DETAIL_LIVR_F values('CAS67',181004,100);
INSERT INTO DETAIL_LIVR_F values('CAS67B',181004,100);
INSERT INTO DETAIL_LIVR_F values('CAD239',181004,100);

INSERT INTO DETAIL_LIVR_F values('CAD22',181005,50);
INSERT INTO DETAIL_LIVR_F values('CAD28',181005,50);
INSERT INTO DETAIL_LIVR_F values('CAD30',181005,100);
INSERT INTO DETAIL_LIVR_F values('CAT18',181005,100);
INSERT INTO DETAIL_LIVR_F values('CAT24',181005,50);
INSERT INTO DETAIL_LIVR_F values('CAT80',181005,30);

INSERT INTO DETAIL_LIVR_F values('PRF33',181006,300);
INSERT INTO DETAIL_LIVR_F values('PRF63',181006,200);
INSERT INTO DETAIL_LIVR_F values('PRF43',181006,500);
INSERT INTO DETAIL_LIVR_F values('PPB32C',181007,800);
INSERT INTO DETAIL_LIVR_F values('CG6B',181007,20);
INSERT INTO DETAIL_LIVR_F values('PPB43C',181007,900);
INSERT INTO DETAIL_LIVR_F values('CG1B',181007,50);
INSERT INTO DETAIL_LIVR_F values('CAST70',181008,160);
INSERT INTO DETAIL_LIVR_F values('CAST57',181008,100);
INSERT INTO DETAIL_LIVR_F values('CAST56',181008,200);
INSERT INTO DETAIL_LIVR_F values('PRF33',181009,500);
INSERT INTO DETAIL_LIVR_F values('PRF43',181009,300);
INSERT INTO DETAIL_LIVR_F values('CLIC40',181010,50);
INSERT INTO DETAIL_LIVR_F values('PAL3',181010,200);
INSERT INTO DETAIL_LIVR_F values('CLIC60',181010,40);
INSERT INTO DETAIL_LIVR_F values('CLIC40',181011,50);
INSERT INTO DETAIL_LIVR_F values('PAL3',181012,100);
INSERT INTO DETAIL_LIVR_F values('CIT05',181013,50);
INSERT INTO DETAIL_LIVR_F values('CIT15',181013,50);
INSERT INTO DETAIL_LIVR_F values('CIT27',181013,100);
INSERT INTO DETAIL_LIVR_F values('PLAK1511',181014,50);
INSERT INTO DETAIL_LIVR_F values('PLAK7',181014,50);
INSERT INTO DETAIL_LIVR_F values('BLUR05R',181014,100);
INSERT INTO DETAIL_LIVR_F values('MCFGL01',181014,100);
INSERT INTO DETAIL_LIVR_F values('ADP23',181015,100);
INSERT INTO DETAIL_LIVR_F values('AD50R',181015,50);
INSERT INTO DETAIL_LIVR_F values('AD50J',181015,50);
INSERT INTO DETAIL_LIVR_F values('AD50V',181015,50);
INSERT INTO DETAIL_LIVR_F values('AD50B',181015,50);
INSERT INTO DETAIL_LIVR_F values('AD50O',181015,50);
INSERT INTO DETAIL_LIVR_F values('AD50N',181015,50);
INSERT INTO DETAIL_LIVR_F values('ADP25',181016,100);
INSERT INTO DETAIL_LIVR_F values('ADP26',181016,100);
INSERT INTO DETAIL_LIVR_F values('PLAK1',181016,200);
INSERT INTO DETAIL_LIVR_F values('PLAK1919',181016,200);
INSERT INTO DETAIL_LIVR_F values('PLAK3',181016,200);


INSERT INTO DETAIL_LIVR_F values('1005NL',182001,700);
INSERT INTO DETAIL_LIVR_F values('EZLOC16',182001,100);
INSERT INTO DETAIL_LIVR_F values('MCFGL01',182001,50);
INSERT INTO DETAIL_LIVR_F values('PAL5',182002,100);
INSERT INTO DETAIL_LIVR_F values('PAL4',182002,100);
INSERT INTO DETAIL_LIVR_F values('CAD22',182003,80);
INSERT INTO DETAIL_LIVR_F values('CAD28',182003,40);
INSERT INTO DETAIL_LIVR_F values('CAD30',182003,40);
INSERT INTO DETAIL_LIVR_F values('CAS67',182003,100);
INSERT INTO DETAIL_LIVR_F values('COOL02',182004,100);
INSERT INTO DETAIL_LIVR_F values('COOL05',182004,100);
INSERT INTO DETAIL_LIVR_F values('COOL10',182004,200);
INSERT INTO DETAIL_LIVR_F values('COOL20',182004,100);
INSERT INTO DETAIL_LIVR_F values('CAD17',182005,60);
INSERT INTO DETAIL_LIVR_F values('CAD28',182005,100);
INSERT INTO DETAIL_LIVR_F values('CAD21B',182005,200);
INSERT INTO DETAIL_LIVR_F values('CAT18',182005,200);
INSERT INTO DETAIL_LIVR_F values('CFA210',182005,100);
INSERT INTO DETAIL_LIVR_F values('CFA280',182005,60);
INSERT INTO DETAIL_LIVR_F values('CAS15',182005,100);
INSERT INTO DETAIL_LIVR_F values('CAT22',182005,150);
INSERT INTO DETAIL_LIVR_F values('CAT24',182005,100);
INSERT INTO DETAIL_LIVR_F values('PPB32C',182006,850);
INSERT INTO DETAIL_LIVR_F values('PPB43C',182006,500);
INSERT INTO DETAIL_LIVR_F values('PRF43',182006,200);
INSERT INTO DETAIL_LIVR_F values('PRF33',182006,200);
INSERT INTO DETAIL_LIVR_F values('PPB32C',182007,900);
INSERT INTO DETAIL_LIVR_F values('PPB43C',182007,1000);
INSERT INTO DETAIL_LIVR_F values('CG6B',182007,20);
INSERT INTO DETAIL_LIVR_F values('CG1B',182007,50);
INSERT INTO DETAIL_LIVR_F values('CAST70',182008,300);
INSERT INTO DETAIL_LIVR_F values('CAST56',182008,300);
INSERT INTO DETAIL_LIVR_F values('CAST57',182008,100);
INSERT INTO DETAIL_LIVR_F values('PRF33',182009,300);
INSERT INTO DETAIL_LIVR_F values('PRF43',182009,300);
INSERT INTO DETAIL_LIVR_F values('PAL3',182010,200);
INSERT INTO DETAIL_LIVR_F values('CLIC40',182010,50);
INSERT INTO DETAIL_LIVR_F values('CLIC60',182010,40);
INSERT INTO DETAIL_LIVR_F values('CLIC40',182011,50);
INSERT INTO DETAIL_LIVR_F values('PAL3',182012,100);
INSERT INTO DETAIL_LIVR_F values('CIT05',182013,50);
INSERT INTO DETAIL_LIVR_F values('CIT15',182013,50);
INSERT INTO DETAIL_LIVR_F values('CIT27',182013,100);
INSERT INTO DETAIL_LIVR_F values('4DVX18',182013,50);
INSERT INTO DETAIL_LIVR_F values('4DVX114',182013,50);
INSERT INTO DETAIL_LIVR_F values('4DVX245',182013,80);
INSERT INTO DETAIL_LIVR_F values('PLAK7',182014,50);
INSERT INTO DETAIL_LIVR_F values('PLAK1919',182014,50);
INSERT INTO DETAIL_LIVR_F values('PLAK1',182014,100);
INSERT INTO DETAIL_LIVR_F values('PLAK3',182014,100);
INSERT INTO DETAIL_LIVR_F values('ADP23',182015,100);
INSERT INTO DETAIL_LIVR_F values('AD50R',182015,50);
INSERT INTO DETAIL_LIVR_F values('AD50J',182015,50);
INSERT INTO DETAIL_LIVR_F values('AD50V',182015,50);
INSERT INTO DETAIL_LIVR_F values('AD50B',182015,50);
INSERT INTO DETAIL_LIVR_F values('AD50O',182015,50);
INSERT INTO DETAIL_LIVR_F values('AD50N',182015,50);
INSERT INTO DETAIL_LIVR_F values('ADP25',182016,100);
INSERT INTO DETAIL_LIVR_F values('ADP26',182016,100);
INSERT INTO DETAIL_LIVR_F values('PLAK1919',182016,150);
INSERT INTO DETAIL_LIVR_F values('PLAK1',182016,200);
INSERT INTO DETAIL_LIVR_F values('PLAK3',182016,200);
INSERT INTO DETAIL_LIVR_F values('BFT140',182017,200);
INSERT INTO DETAIL_LIVR_F values('BET15N',182017,200);
INSERT INTO DETAIL_LIVR_F values('BET26N',182017,200);
INSERT INTO DETAIL_LIVR_F values('BFT140',182018,100);
INSERT INTO DETAIL_LIVR_F values('PE30',182018,350);
INSERT INTO DETAIL_LIVR_F values('PE12',182018,400);
INSERT INTO DETAIL_LIVR_F values('PE19',182018,250);
INSERT INTO DETAIL_LIVR_F values('PE40',182018,400);
INSERT INTO DETAIL_LIVR_F values('PE55',182018,400);
INSERT INTO DETAIL_LIVR_F values('SCF7000',182019,500);
INSERT INTO DETAIL_LIVR_F values('20030',182019,400);
INSERT INTO DETAIL_LIVR_F values('20012',182019,400);
INSERT INTO DETAIL_LIVR_F values('20019',182019,400);
INSERT INTO DETAIL_LIVR_F values('20040',182019,400);
INSERT INTO DETAIL_LIVR_F values('20055',182019,400);
INSERT INTO DETAIL_LIVR_F values('TOR30',182019,300);
INSERT INTO DETAIL_LIVR_F values('TOR12',182019,400);
INSERT INTO DETAIL_LIVR_F values('TOR19',182019,250);
INSERT INTO DETAIL_LIVR_F values('TOR40',182019,300);
INSERT INTO DETAIL_LIVR_F values('TOR55',182019,400);

commit;

-- ==================================================================================
-- Données table CLIENT
--   (NO_CLIENT, NOM_CLIENT, NORUE, RUE, CPOSTAL, VILLE, NOTEL, EMAIL, NOM_CONTACT)
-- ==================================================================================

-- extrait de contenu - clients région Parisienne

insert into CLIENT  values ( );

create sequence seq_cli start with 1 increment by 1;

insert into CLIENT values( seq_cli.nextval, 'Energym', 10, 'Boulevard de Pontoise', 95000, 'Pontoise', '0134205236', 'mservant@energym.fr', 'Mme servant');
insert into CLIENT values( seq_cli.nextval, 'La clé des champs', '18', 'Rue des Nouvelles', '95490', 'Vauréal', '0135615879', 'e.fourdan@clé.fr', 'M Fourdan');
insert into CLIENT values( seq_cli.nextval, 'Formalys', '145', 'rue des Allouettes', '78000', 'Saint Germain', '0136579321', 'contact@formalys.com', 'M Cresdon');
insert into CLIENT values( seq_cli.nextval, 'Cartoooche', '84', 'avenue de la République', '75011', 'Paris', '0135201895', 'a.dun@cartooche.fr', 'M Dun');
insert into CLIENT values( seq_cli.nextval, 'Jules', '140', 'rue du faubourg Saint Honoré', '75008', 'Paris', '0135206598', 'contact@jules.com', 'M Corall');
insert into CLIENT values( seq_cli.nextval, 'Mavick', '32', 'rue du Génèral Beuret', '75015', 'Paris', '0136548790', 'dravick@mavick.fr',  'M Dravick');
insert into CLIENT values( seq_cli.nextval, 'Aqualia', '26', 'rue Nicolai', '7512', 'Paris', '0135659875', 'contact@aqualia.com', 'M Brilat');
insert into CLIENT values( seq_cli.nextval, 'Palissade', '7', 'rue de logelbach', '75017', 'Paris', '0135879632', 'contact@palissade.fr', 'Mme Vandenberck');
insert into CLIENT values( seq_cli.nextval, 'Caroll', '51', 'rue Anjou', '75008', 'Paris', '0135647562', 'contact@caroll.fr', 'M Durand');
insert into CLIENT values( seq_cli.nextval, 'Atelier Micheline', '135', 'Boulevard de Sebastopol', '75002', 'Paris', '0136546874', 'contact@at-micheline.com', 'M Fractur');
insert into CLIENT values( seq_cli.nextval, 'Ciamba', '12', 'rue Dauphine', '75006', 'Paris', '0135213258', 'contact@ciamba.com', 'M Dactibne');
insert into CLIENT values( seq_cli.nextval, 'Antalia', '3', 'rue du colonel Moll', '75017', 'Paris', '0134542655', 'contact@antalia.fr', 'M Martin');
insert into CLIENT values( seq_cli.nextval, 'Amaurize', '18', 'rue Saint Ferdinand', '75017', 'Paris', '0135213265', 'a.lutin@amaurize.com', 'Mme Lutin');
insert into CLIENT values( seq_cli.nextval, '3 Merveilles', '103', 'rue de Rennes', '75006', 'Paris', '0135213658', 'contact@3merveilles.com', 'M Detallis');
insert into CLIENT values( seq_cli.nextval, 'Arkano', '27', 'rue de Linne', '75005', 'Paris', '0134206741', 'b.lorginel@arkano.fr', 'Mme Lorginel');


-- extrait de contenu - clients région Nord / Pas de Calais

insert into CLIENT values( seq_cli.nextval, 'Decathlon', '25', 'Avenue Watrelos', '59650', 'Villeneuve', '0339275236', null, 'M Vanderelst');
insert into CLIENT values( seq_cli.nextval, 'Castorama', '15', 'Rue des plages', '59175', 'Templemars', '0336215879', 'contact@castorama.fr', 'M Didire');
insert into CLIENT values( seq_cli.nextval, 'Fnac', '120', 'rue des Mirails', '59264', 'Onnaing', '0356879321', 'contact@fnac.fr', 'Mme Crespin');
insert into CLIENT values( seq_cli.nextval, 'Dalkia France', '45', 'Boulevard Marchand', '59350', 'Saint André les Lille', '0356865871', 'm.dreschler@dalkia.fr', 'Mme Dreschler');
insert into CLIENT values( seq_cli.nextval, 'Maes', '36', 'Rue des pyramides', '59000', 'Lille', '0356766821', 'd.despadre@maes.fr', 'M Despadre');
insert into CLIENT values( seq_cli.nextval, 'Lunginnov', '36', 'Rue dix bars', '59000', 'Lille', '0355676354', 'contact@lunginnov.fr', 'M Attaf');
insert into CLIENT values( seq_cli.nextval, 'Yarzo', '44', 'Avenue Marx Dormoy', '59000', 'Lille', '0356246387', 'y.attof@yarzo.com', 'M Yassin Attof');
insert into CLIENT values( seq_cli.nextval, 'Meunier', '15', 'Rue de Tournai', '59000', 'Lille', '0365322522', 'i.meunier@meunier.fr', 'M Meunier');
insert into CLIENT values( seq_cli.nextval, 'Jules', '61', 'Avenue du peuple Belge', '59800', 'Lille', '0323543325', 'f.duperche@jules.fr', 'M Duperche');
insert into CLIENT values( seq_cli.nextval, 'Armelle', '22', 'Place des Reignaux', '59800', 'Lille', '0331256484', 'contact@armelle.fr', 'M Yakamoz');


drop sequence seq_cli;
commit;


-- =======================
-- Données table COMMANDE
-- =======================

insert into COMMANDE (NO_COMMANDE, NO_CLIENT, DATE_COMMANDE)values (181001, 1, '2018-02-02');
insert into COMMANDE (NO_COMMANDE, NO_CLIENT, DATE_COMMANDE)values (181002, 2, '2018-02-03');
insert into COMMANDE (NO_COMMANDE, NO_CLIENT, DATE_COMMANDE)values (181003, 3, '2018-02-03');
insert into COMMANDE (NO_COMMANDE, NO_CLIENT, DATE_COMMANDE)values (181004, 1, '2018-04-10');
insert into COMMANDE (NO_COMMANDE, NO_CLIENT, DATE_COMMANDE)values (181005, 4, '2018-04-10');
insert into COMMANDE (NO_COMMANDE, NO_CLIENT, DATE_COMMANDE)values (181006, 5, '2018-04-13');
insert into COMMANDE (NO_COMMANDE, NO_CLIENT, DATE_COMMANDE)values (181007, 6, '2018-04-15');
insert into COMMANDE (NO_COMMANDE, NO_CLIENT, DATE_COMMANDE)values (181008, 7, '2018-04-15');
insert into COMMANDE (NO_COMMANDE, NO_CLIENT, DATE_COMMANDE)values (181009, 8, '2018-04-15');
insert into COMMANDE (NO_COMMANDE, NO_CLIENT, DATE_COMMANDE)values (181010, 9, '2018-04-16');
insert into COMMANDE (NO_COMMANDE, NO_CLIENT, DATE_COMMANDE)values (181011, 10, '2018-04-16');
insert into COMMANDE (NO_COMMANDE, NO_CLIENT, DATE_COMMANDE)values (181012, 11, '2018-04-18');
insert into COMMANDE (NO_COMMANDE, NO_CLIENT, DATE_COMMANDE)values (181013, 9, '2018-06-18');
insert into COMMANDE (NO_COMMANDE, NO_CLIENT, DATE_COMMANDE)values (181014, 11, '2018-06-18');
insert into COMMANDE (NO_COMMANDE, NO_CLIENT, DATE_COMMANDE)values (181015, 10, '2018-06-25');
insert into COMMANDE (NO_COMMANDE, NO_CLIENT, DATE_COMMANDE)values (181016, 12, '2018-06-25');
insert into COMMANDE (NO_COMMANDE, NO_CLIENT, DATE_COMMANDE)values (181017, 5, '2018-06-25');
insert into COMMANDE (NO_COMMANDE, NO_CLIENT, DATE_COMMANDE)values (181018, 4, '2018-06-30');
insert into COMMANDE (NO_COMMANDE, NO_CLIENT, DATE_COMMANDE)values (181019, 7, '2018-06-30');

commit;

insert into COMMANDE (NO_COMMANDE, NO_CLIENT, DATE_COMMANDE)values (182001, 13, '2018-07-02');
insert into COMMANDE (NO_COMMANDE, NO_CLIENT, DATE_COMMANDE)values (182002, 14, '2018-07-02');
insert into COMMANDE (NO_COMMANDE, NO_CLIENT, DATE_COMMANDE)values (182003, 15, '2018-07-02');
insert into COMMANDE (NO_COMMANDE, NO_CLIENT, DATE_COMMANDE)values (182004, 16, '2018-07-02');
insert into COMMANDE (NO_COMMANDE, NO_CLIENT, DATE_COMMANDE)values (182005, 17, '2018-07-04');
insert into COMMANDE (NO_COMMANDE, NO_CLIENT, DATE_COMMANDE)values (182006, 18, '2018-07-05');
insert into COMMANDE (NO_COMMANDE, NO_CLIENT, DATE_COMMANDE)values (182007, 19, '2018-08-02');
insert into COMMANDE (NO_COMMANDE, NO_CLIENT, DATE_COMMANDE)values (182008, 20, '2018-08-15');
insert into COMMANDE (NO_COMMANDE, NO_CLIENT, DATE_COMMANDE)values (182009, 17, '2018-09-23');
insert into COMMANDE (NO_COMMANDE, NO_CLIENT, DATE_COMMANDE)values (182010, 18, '2018-09-24');

insert into COMMANDE (NO_COMMANDE, NO_CLIENT, DATE_COMMANDE)values (182011, 15, '2018-10-02');
insert into COMMANDE (NO_COMMANDE, NO_CLIENT, DATE_COMMANDE)values (182012, 5, '2018-10-02');
insert into COMMANDE (NO_COMMANDE, NO_CLIENT, DATE_COMMANDE)values (182013, 10, '2018-10-03');
insert into COMMANDE (NO_COMMANDE, NO_CLIENT, DATE_COMMANDE)values (182014, 9, '2018-10-03');
insert into COMMANDE (NO_COMMANDE, NO_CLIENT, DATE_COMMANDE)values (182015, 19, '2018-10-04');
insert into COMMANDE (NO_COMMANDE, NO_CLIENT, DATE_COMMANDE)values (182016, 20, '2018-10-04');
insert into COMMANDE (NO_COMMANDE, NO_CLIENT, DATE_COMMANDE)values (182017, 22, '2018-10-07');
insert into COMMANDE (NO_COMMANDE, NO_CLIENT, DATE_COMMANDE)values (182018, 21, '2018-10-08');
insert into COMMANDE (NO_COMMANDE, NO_CLIENT, DATE_COMMANDE)values (182019, 23, '2018-10-10');
insert into COMMANDE (NO_COMMANDE, NO_CLIENT, DATE_COMMANDE)values (182020, 24, '2018-10-15');
insert into COMMANDE (NO_COMMANDE, NO_CLIENT, DATE_COMMANDE)values (182021, 25, '2018-10-20');

commit;




-- ==================================================
-- Données table DETAIL_COMMANDE
--    (CODE_PRODUIT, NO_COMMANDE, QUANTITE_COMMANDE)
-- ==================================================

INSERT INTO DETAIL_COMMANDE values( 'PE30', 181001, 3 );
INSERT INTO DETAIL_COMMANDE values( 'PE40', 181001, 3 );

INSERT INTO DETAIL_COMMANDE values( 'SCEL1', 181002, 2 );
INSERT INTO DETAIL_COMMANDE values( 'EZLOC16', 181002, 2 );

INSERT INTO DETAIL_COMMANDE values( 'A15', 181003, 4 );
INSERT INTO DETAIL_COMMANDE values( 'A14G', 181003, 4 );
INSERT INTO DETAIL_COMMANDE values( 'CAS16', 181003, 3 );

INSERT INTO DETAIL_COMMANDE values( 'PE30', 181004, 3 );
INSERT INTO DETAIL_COMMANDE values( 'COOL02', 181004, 50 );
INSERT INTO DETAIL_COMMANDE values( 'COOL05', 181004, 50 );

commit;

INSERT INTO DETAIL_COMMANDE values( 'CAD17', 181005, 3 );
INSERT INTO DETAIL_COMMANDE values( 'CAD22', 181005, 5 );
INSERT INTO DETAIL_COMMANDE values( 'CAD30', 181005, 20 );

INSERT INTO DETAIL_COMMANDE values( 'CAS67B', 181006, 5 );
INSERT INTO DETAIL_COMMANDE values( 'CAS59', 181006, 4 );
INSERT INTO DETAIL_COMMANDE values( 'CAS67', 181006, 4 );
INSERT INTO DETAIL_COMMANDE values( 'CAS58', 181006, 10 );
INSERT INTO DETAIL_COMMANDE values( 'CAS219', 181006, 10 );

INSERT INTO DETAIL_COMMANDE values( 'CAT18', 181007, 5 );
INSERT INTO DETAIL_COMMANDE values( 'CAT23', 181007, 10 );
INSERT INTO DETAIL_COMMANDE values( 'CAT60', 181007, 10 );
INSERT INTO DETAIL_COMMANDE values( 'CAT80', 181007, 10 );

commit;

INSERT INTO DETAIL_COMMANDE values( '1005NL', 181008, 2 );
INSERT INTO DETAIL_COMMANDE values( 'SCEL1', 181008, 3 );
INSERT INTO DETAIL_COMMANDE values( 'PPB32C', 181008, 2 );
INSERT INTO DETAIL_COMMANDE values( 'CG1B', 181008, 10 );

INSERT INTO DETAIL_COMMANDE values( 'MCFGL01', 181009, 10 );
INSERT INTO DETAIL_COMMANDE values( 'BLUR05R', 181009, 3 );
INSERT INTO DETAIL_COMMANDE values( 'ADP23', 181009, 3 );
INSERT INTO DETAIL_COMMANDE values( 'AD50B', 181009, 3 );
INSERT INTO DETAIL_COMMANDE values( 'BFT140', 181009, 5 );
INSERT INTO DETAIL_COMMANDE values( 'BET26N', 181009, 5 );

INSERT INTO DETAIL_COMMANDE values( 'ADP23', 181010, 6 );
INSERT INTO DETAIL_COMMANDE values( 'ADP25', 181010, 10 );
INSERT INTO DETAIL_COMMANDE values( 'PE30', 181010, 5 );
INSERT INTO DETAIL_COMMANDE values( 'PE12', 181010, 5 );
INSERT INTO DETAIL_COMMANDE values( 'PE40', 181010, 5 );
INSERT INTO DETAIL_COMMANDE values( 'BFT140', 181010, 5 );

commit;

INSERT INTO DETAIL_COMMANDE values( 'PAL5', 181011, 20 );
INSERT INTO DETAIL_COMMANDE values( 'PAL3', 181011, 20 );
INSERT INTO DETAIL_COMMANDE values( 'PAL4', 181011, 20 );

INSERT INTO DETAIL_COMMANDE values( '20030', 181012, 50 );
INSERT INTO DETAIL_COMMANDE values( '20019', 181012, 50 );

INSERT INTO DETAIL_COMMANDE values( 'PE30', 181013, 15 );
INSERT INTO DETAIL_COMMANDE values( 'PE12', 181013, 15 );
INSERT INTO DETAIL_COMMANDE values( 'PE40', 181013, 15 );

INSERT INTO DETAIL_COMMANDE values( '20030', 181014, 50 );
INSERT INTO DETAIL_COMMANDE values( 'CAST70', 181014, 10 );
INSERT INTO DETAIL_COMMANDE values( 'CAST57', 181014, 10 );

INSERT INTO DETAIL_COMMANDE values( 'PAL5', 181015, 20 );

commit;

INSERT INTO DETAIL_COMMANDE values( 'CIT05', 181016, 8 );
INSERT INTO DETAIL_COMMANDE values( 'CIT08', 181016, 8 );
INSERT INTO DETAIL_COMMANDE values( 'CIT20', 181016, 8 );

INSERT INTO DETAIL_COMMANDE values( 'PE30', 181017, 10 );
INSERT INTO DETAIL_COMMANDE values( 'PE12', 181017, 10 );
INSERT INTO DETAIL_COMMANDE values( 'PE19', 181017, 10 );
INSERT INTO DETAIL_COMMANDE values( 'PE40', 181017, 10 );
INSERT INTO DETAIL_COMMANDE values( 'PE55', 181017, 10 );
INSERT INTO DETAIL_COMMANDE values( 'ADP25', 181017, 5 );

INSERT INTO DETAIL_COMMANDE values( 'PLAK7', 181018, 4 );
INSERT INTO DETAIL_COMMANDE values( 'BLUR05R', 181018, 4 );

INSERT INTO DETAIL_COMMANDE values( 'MCFGL01', 181019, 5 );
INSERT INTO DETAIL_COMMANDE values( 'BLUR05R', 181019, 5 );

commit;


INSERT INTO DETAIL_COMMANDE values( 'PAL4', 182001, 4 );
INSERT INTO DETAIL_COMMANDE values( 'COOL02', 182001, 10 );
INSERT INTO DETAIL_COMMANDE values( 'COOL20', 182001, 5 );

INSERT INTO DETAIL_COMMANDE values( 'A15', 182002, 5 );
INSERT INTO DETAIL_COMMANDE values( 'A13', 182002, 5 );
INSERT INTO DETAIL_COMMANDE values( 'A14G', 182002, 5 );

INSERT INTO DETAIL_COMMANDE values( 'COOL02', 182003, 50 );
INSERT INTO DETAIL_COMMANDE values( 'COOL05', 182003, 50 );
INSERT INTO DETAIL_COMMANDE values( 'PE30', 182003, 10 );
INSERT INTO DETAIL_COMMANDE values( 'PPB32C', 182003, 5 );

INSERT INTO DETAIL_COMMANDE values( 'CAS16', 182004, 10);
INSERT INTO DETAIL_COMMANDE values( 'CAS15', 182004, 10 );
INSERT INTO DETAIL_COMMANDE values( 'CFA210', 182004, 10 );
INSERT INTO DETAIL_COMMANDE values( 'CFA280', 182004, 10 );
INSERT INTO DETAIL_COMMANDE values( 'ADP23', 182004, 10 );

commit;


INSERT INTO DETAIL_COMMANDE values( 'CAT60', 182005, 200 );
INSERT INTO DETAIL_COMMANDE values( 'CAT40', 182005, 200 );
INSERT INTO DETAIL_COMMANDE values( 'CAT80', 182005, 200 );
INSERT INTO DETAIL_COMMANDE values( 'CAT24', 182005, 500 );
INSERT INTO DETAIL_COMMANDE values( 'ADP23', 182005, 100 );

INSERT INTO DETAIL_COMMANDE values( 'CAT18', 182006, 100 );
INSERT INTO DETAIL_COMMANDE values( 'CAT23', 182006, 100 );
INSERT INTO DETAIL_COMMANDE values( '4DVX18', 182006, 100 );

INSERT INTO DETAIL_COMMANDE values( 'DAP15', 182007, 100 );
INSERT INTO DETAIL_COMMANDE values( 'DAP70', 182007, 100 );
INSERT INTO DETAIL_COMMANDE values( 'ADP23', 182007, 200 );

INSERT INTO DETAIL_COMMANDE values( 'CIT05', 182008, 10 );
INSERT INTO DETAIL_COMMANDE values( 'CIT08', 182008, 10 );
INSERT INTO DETAIL_COMMANDE values( 'CIT15', 182008, 10 );

INSERT INTO DETAIL_COMMANDE values( 'CAT60', 182009, 400 );
INSERT INTO DETAIL_COMMANDE values( 'CAT80', 182009, 400 );
INSERT INTO DETAIL_COMMANDE values( 'ADP23', 182009, 100 );

commit;

INSERT INTO DETAIL_COMMANDE values( '4DVX18', 182010, 50 );
INSERT INTO DETAIL_COMMANDE values( 'CAT18', 182010, 100 );

INSERT INTO DETAIL_COMMANDE values( 'COOL02', 182011, 100 );
INSERT INTO DETAIL_COMMANDE values( 'COOL05', 182011, 100 );
INSERT INTO DETAIL_COMMANDE values( 'PPB32C', 182011, 10 );

INSERT INTO DETAIL_COMMANDE values( 'PE30', 182012, 20 );
INSERT INTO DETAIL_COMMANDE values( 'ADP25', 182012, 20 );

INSERT INTO DETAIL_COMMANDE values( 'PAL5', 182013, 20 );
INSERT INTO DETAIL_COMMANDE values( 'PE30', 182013, 10 );

INSERT INTO DETAIL_COMMANDE values( 'PE30', 182014, 40 );
INSERT INTO DETAIL_COMMANDE values( 'ADP25', 182014, 10 );

commit;

INSERT INTO DETAIL_COMMANDE values( 'A15', 182015, 4 );
INSERT INTO DETAIL_COMMANDE values( 'A09G', 182015, 4 );
INSERT INTO DETAIL_COMMANDE values( 'A07', 182015, 20 );
INSERT INTO DETAIL_COMMANDE values( 'AD50R', 182015, 3 );
INSERT INTO DETAIL_COMMANDE values( 'AD50J', 182015, 3 );

INSERT INTO DETAIL_COMMANDE values( 'A15', 182016, 50 );
INSERT INTO DETAIL_COMMANDE values( 'A16', 182016, 50 );
INSERT INTO DETAIL_COMMANDE values( 'A13', 182016, 50 );

INSERT INTO DETAIL_COMMANDE values( 'CAS202', 182017, 50 );
INSERT INTO DETAIL_COMMANDE values( 'CAS208', 182017, 50 );
INSERT INTO DETAIL_COMMANDE values( 'CAD21T', 182017, 50 );
INSERT INTO DETAIL_COMMANDE values( 'AD50B', 182017, 10 );

commit;

INSERT INTO DETAIL_COMMANDE values( 'CIT20', 182018, 50 );
INSERT INTO DETAIL_COMMANDE values( 'CIT27', 182018, 50 );
INSERT INTO DETAIL_COMMANDE values( 'AD50B', 182018, 10 );

INSERT INTO DETAIL_COMMANDE values( 'CAT60', 182019, 100 );
INSERT INTO DETAIL_COMMANDE values( 'CAT24', 182019, 100 );
INSERT INTO DETAIL_COMMANDE values( 'AD50V', 182019, 20 );

INSERT INTO DETAIL_COMMANDE values( 'CAS67B', 182020, 20 );
INSERT INTO DETAIL_COMMANDE values( 'CAS59', 182020, 20 );
INSERT INTO DETAIL_COMMANDE values( 'CAS67', 182020, 20 );
INSERT INTO DETAIL_COMMANDE values( 'CAD28', 182020, 20 );
INSERT INTO DETAIL_COMMANDE values( 'PPB32C', 182020, 20 );
INSERT INTO DETAIL_COMMANDE values( 'AD50V', 182020, 20 );

INSERT INTO DETAIL_COMMANDE values( 'PLAK7', 182021, 4 );
INSERT INTO DETAIL_COMMANDE values( 'BLUR05R', 182021, 6 );
INSERT INTO DETAIL_COMMANDE values( 'CAD239', 182021, 5 );

commit;






-- ==============================================================================
-- PAS DE CONTENU pour les tables LIVRAISON_C / DETAIL_LIVR_C / MOUVEMENT_STOCK
-- ==============================================================================

-- insert into LIVRAISON_C (NO_LIVRAISON_C, NO_COMMANDE, DATE_LIVRAISON_C) values ( );

-- insert into DETAIL_LIVR_C (CODE_PRODUIT, NO_LIVRAISON_C, QUANTITE_LIVR_C) values( );

-- insert into MOUVEMENT_STOCK (NO_MOUVEMENT, CODE_PRODUIT, TYPE_MOUVEMENT, DATE_MOUVEMENT, QUANTITE_MOUVEMENT) values ( );

